comparison,symbol,dm_stat,p_value,mean_loss_diff,n,significant,favors
HAR_vs_GARCH,AAPL,7.2398378994989026,7.134293156241256e-13,0.09706407875096201,1507,True,HAR
HAR_vs_GARCH,ADBE,8.637192269573333,0.0,0.131842488648894,1507,True,HAR
HAR_vs_GARCH,AMD,15.377822885523058,0.0,0.21604756833400354,1507,True,HAR
HAR_vs_GARCH,AMGN,4.354180616585831,1.4258003859346502e-05,0.050328478325326546,1507,True,HAR
HAR_vs_GARCH,AMZN,3.0715107190377626,0.0021679251111186293,0.08688923247527838,1507,True,HAR
HAR_vs_GARCH,AXP,8.964068214772213,0.0,0.15515691966167386,1507,True,HAR
HAR_vs_GARCH,BA,4.880333495247078,1.171515471076745e-06,0.06363530607794646,1507,True,HAR
HAR_vs_GARCH,CAT,8.979983993320042,0.0,0.10046149534792467,1507,True,HAR
HAR_vs_GARCH,CRM,9.408184438272285,0.0,0.13415359473996127,1507,True,HAR
HAR_vs_GARCH,CSCO,7.691922443394107,2.5979218776228663e-14,0.13050727518944835,1507,True,HAR
HAR_vs_GARCH,CVX,7.113989178868416,1.73705494432852e-12,0.09334179418038652,1507,True,HAR
HAR_vs_GARCH,DIS,7.564021953627881,6.772360450213455e-14,0.14047310881873362,1507,True,HAR
HAR_vs_GARCH,GE,8.039819585211108,1.7763568394002505e-15,0.14987633167323056,1507,True,HAR
HAR_vs_GARCH,GOOGL,2.1584362622672586,0.03105151999808564,0.04065979897878006,1507,True,HAR
HAR_vs_GARCH,GS,5.564226110011038,3.1118344345770765e-08,0.06470036590456045,1507,True,HAR
HAR_vs_GARCH,HD,5.834720873156129,6.584867984216203e-09,0.06083266993579052,1507,True,HAR
HAR_vs_GARCH,HON,6.963986316833618,4.924505248027344e-12,0.07749035422035251,1507,True,HAR
HAR_vs_GARCH,IBM,9.994431619775069,0.0,0.13944564738139428,1507,True,HAR
HAR_vs_GARCH,JNJ,3.8973811850686944,0.00010150644273609899,0.03427528210536013,1507,True,HAR
HAR_vs_GARCH,JPM,4.935264785220668,8.893297342993378e-07,0.06870162652734091,1507,True,HAR
HAR_vs_GARCH,KO,5.064669688955017,4.5957401728635716e-07,0.08565610007047607,1507,True,HAR
HAR_vs_GARCH,MCD,1.7809425070067761,0.07512335706567219,0.04133237790365745,1507,False,tie
HAR_vs_GARCH,MMM,8.701497936686332,0.0,0.20675449931075332,1507,True,HAR
HAR_vs_GARCH,MRK,5.163290075824869,2.7502502275567053e-07,0.056357540655278655,1507,True,HAR
HAR_vs_GARCH,MSFT,2.3187258913376,0.020543205602414405,0.06831401328708103,1507,True,HAR
HAR_vs_GARCH,NFLX,4.399753634481499,1.1599343558099662e-05,0.11978443610272389,1507,True,HAR
HAR_vs_GARCH,NKE,7.041026590920235,2.8907987115189826e-12,0.14126560777487399,1507,True,HAR
HAR_vs_GARCH,NVDA,8.873533352413949,0.0,0.11244978749635837,1507,True,HAR
HAR_vs_GARCH,ORCL,5.830853771783757,6.735864310769557e-09,0.1067262923881306,1507,True,HAR
HAR_vs_GARCH,PG,4.296775679745154,1.8440394956353856e-05,0.04522397258077261,1507,True,HAR
HAR_vs_GARCH,PM,7.500145600737702,1.0835776720341528e-13,0.11639590257448316,1507,True,HAR
HAR_vs_GARCH,SHW,5.648092890627741,1.9363932235449965e-08,0.08708162632317731,1507,True,HAR
HAR_vs_GARCH,TRV,5.879722877361271,5.052785967407658e-09,0.05961719827863055,1507,True,HAR
HAR_vs_GARCH,TSLA,10.347923434868827,0.0,0.1664203066676718,1507,True,HAR
HAR_vs_GARCH,UNH,5.248934069279183,1.748183837690931e-07,0.08957499830504732,1507,True,HAR
HAR_vs_GARCH,V,2.9091191548637934,0.003677666324501283,0.060358650643450217,1507,True,HAR
HAR_vs_GARCH,VZ,5.377971049760134,8.721446764781149e-08,0.09904063932037342,1507,True,HAR
HAR_vs_GARCH,WMT,2.3413613010531567,0.019343372325943964,0.10258397998274994,1507,True,HAR
HAR_vs_GARCH,XOM,5.385310588987451,8.379385429968522e-08,0.07695480303069684,1507,True,HAR
HAR_vs_EGARCH,AAPL,7.773584717882928,1.3988810110276972e-14,0.1064691948393591,1507,True,HAR
HAR_vs_EGARCH,ADBE,8.113794114569844,1.1102230246251565e-15,0.13278712784585145,1507,True,HAR
HAR_vs_EGARCH,AMD,15.887538987557303,0.0,0.2137352371753609,1507,True,HAR
HAR_vs_EGARCH,AMGN,6.436053093238359,1.6438916894401245e-10,0.0665312827194213,1507,True,HAR
HAR_vs_EGARCH,AMZN,2.588079714678215,0.009744116322996765,0.08188322746422316,1507,True,HAR
HAR_vs_EGARCH,AXP,7.728152481427039,1.9761969838327786e-14,0.1026065571275239,1507,True,HAR
HAR_vs_EGARCH,BA,6.251246743499855,5.290847759908957e-10,0.06553116735393955,1507,True,HAR
HAR_vs_EGARCH,CAT,9.221140832323625,0.0,0.09624115253703822,1507,True,HAR
HAR_vs_EGARCH,CRM,7.927905364927993,4.218847493575595e-15,0.1246548228727415,1507,True,HAR
HAR_vs_EGARCH,CSCO,6.81414201103363,1.3670398146814478e-11,0.11673516916506144,1507,True,HAR
HAR_vs_EGARCH,CVX,7.251585628053008,6.561418075534675e-13,0.09688209470527341,1507,True,HAR
HAR_vs_EGARCH,DIS,9.053446124011721,0.0,0.13790514065167633,1507,True,HAR
HAR_vs_EGARCH,GE,8.725836270207656,0.0,0.13018447771883793,1507,True,HAR
HAR_vs_EGARCH,GOOGL,1.170672242545845,0.24191575196636017,0.02439057857037549,1507,False,tie
HAR_vs_EGARCH,GS,5.2196150989320484,2.043065094881058e-07,0.050016227613726136,1507,True,HAR
HAR_vs_EGARCH,HD,6.540810908939484,8.359557490678071e-11,0.06331721659682449,1507,True,HAR
HAR_vs_EGARCH,HON,7.5972793925895745,5.284661597215745e-14,0.07478649309494823,1507,True,HAR
HAR_vs_EGARCH,IBM,11.117356983511117,0.0,0.1440920541079936,1507,True,HAR
HAR_vs_EGARCH,JNJ,4.2603084713646,2.1679602934421283e-05,0.03909704199191624,1507,True,HAR
HAR_vs_EGARCH,JPM,4.8692238178623395,1.2382477969641315e-06,0.05832702188953861,1507,True,HAR
HAR_vs_EGARCH,KO,2.920674428076413,0.003544739900522398,0.15331812073206857,1507,True,HAR
HAR_vs_EGARCH,MCD,2.5027591655119106,0.01242817585364775,0.08151143590351975,1507,True,HAR
HAR_vs_EGARCH,MMM,7.3883547759289465,2.453592884421596e-13,0.16393772944267898,1507,True,HAR
HAR_vs_EGARCH,MRK,5.599790469955268,2.546777677636669e-08,0.06826856120440815,1507,True,HAR
HAR_vs_EGARCH,MSFT,2.231771816571316,0.025776682196275047,0.06318119274812276,1507,True,HAR
HAR_vs_EGARCH,NFLX,2.925956821013592,0.003485443593639115,0.08834688639929342,1507,True,HAR
HAR_vs_EGARCH,NKE,7.497756572978351,1.1035616864774056e-13,0.1454693625260168,1507,True,HAR
HAR_vs_EGARCH,NVDA,8.728767863820973,0.0,0.10804761917315485,1507,True,HAR
HAR_vs_EGARCH,ORCL,6.024841565328842,2.124213249743434e-09,0.10238689423321796,1507,True,HAR
HAR_vs_EGARCH,PG,6.000104913040004,2.465661674833086e-09,0.0533029328794469,1507,True,HAR
HAR_vs_EGARCH,PM,6.313485859708705,3.581384078188421e-10,0.14798277407019303,1507,True,HAR
HAR_vs_EGARCH,SHW,4.934712192341505,8.918109637434668e-07,0.11880684139454517,1507,True,HAR
HAR_vs_EGARCH,TRV,6.856788122307874,1.024402784821632e-11,0.06101994883986473,1507,True,HAR
HAR_vs_EGARCH,TSLA,10.830679590497562,0.0,0.18215608140098644,1507,True,HAR
HAR_vs_EGARCH,UNH,5.137271549721763,3.151933076761537e-07,0.0976591015868901,1507,True,HAR
HAR_vs_EGARCH,V,7.39269065052422,2.375877272697835e-13,0.08100151238796174,1507,True,HAR
HAR_vs_EGARCH,VZ,4.2949025441575985,1.859487099986623e-05,0.11299625080414653,1507,True,HAR
HAR_vs_EGARCH,WMT,1.553139926497703,0.12059981869578662,0.07076167245117759,1507,False,tie
HAR_vs_EGARCH,XOM,5.142878411123219,3.0608457457503846e-07,0.07485191812596677,1507,True,HAR
HAR_vs_LASSO,AAPL,-3.7241106800573096,0.0002032334887400733,-0.00790021390604319,1507,True,LASSO
HAR_vs_LASSO,ADBE,-4.025695695689817,5.9632004498100244e-05,-0.006999285302046841,1507,True,LASSO
HAR_vs_LASSO,AMD,-3.751198250359664,0.00018266388862198113,-0.0061023717667990935,1507,True,LASSO
HAR_vs_LASSO,AMGN,-1.0974536802882537,0.27261855640926735,-0.002821672547623403,1507,False,tie
HAR_vs_LASSO,AMZN,-0.8863532635876811,0.37556870635579953,-0.005207182356154054,1507,False,tie
HAR_vs_LASSO,AXP,-2.2415445614253393,0.025135971289414805,-0.005435435366652433,1507,True,LASSO
HAR_vs_LASSO,BA,0.22631418607435708,0.8209877771622145,0.0007101039917020223,1507,False,tie
HAR_vs_LASSO,CAT,-3.7591491316372303,0.00017700858059521707,-0.007865157690702205,1507,True,LASSO
HAR_vs_LASSO,CRM,0.594272518709665,0.5524191153726137,0.007017989434232535,1507,False,tie
HAR_vs_LASSO,CSCO,-3.3794444107039854,0.0007448797421383269,-0.009322348596749668,1507,True,LASSO
HAR_vs_LASSO,CVX,-2.68396595856036,0.007355183554015321,-0.007724218072437392,1507,True,LASSO
HAR_vs_LASSO,DIS,-1.7159200955776919,0.08638233343092105,-0.005142504834472913,1507,False,tie
HAR_vs_LASSO,GE,-1.2314797320755086,0.21833575570867403,-0.0031557268639134115,1507,False,tie
HAR_vs_LASSO,GOOGL,0.4866861512744419,0.6265515793970244,0.0042680019556465805,1507,False,tie
HAR_vs_LASSO,GS,-3.6228551108537865,0.00030104505958972183,-0.00762901337120358,1507,True,LASSO
HAR_vs_LASSO,HD,-2.406325034025022,0.01623373069506906,-0.005529405044798633,1507,True,LASSO
HAR_vs_LASSO,HON,0.15087156381268507,0.8800972374227365,0.00043057695123827023,1507,False,tie
HAR_vs_LASSO,IBM,-2.000882593449491,0.04558424250605708,-0.005188792858362875,1507,True,LASSO
HAR_vs_LASSO,JNJ,-3.0778542094926293,0.0021225914283182767,-0.00920409370618607,1507,True,LASSO
HAR_vs_LASSO,JPM,-3.8463864979119444,0.0001248746323170291,-0.011053777418150298,1507,True,LASSO
HAR_vs_LASSO,KO,-2.2071673661516913,0.02745272007141142,-0.006426079596751841,1507,True,LASSO
HAR_vs_LASSO,MCD,-2.0119674412749577,0.04440116713015385,-0.0060604452248188894,1507,True,LASSO
HAR_vs_LASSO,MMM,-0.5666285843379573,0.5710509833325004,-0.0024237062859610047,1507,False,tie
HAR_vs_LASSO,MRK,-1.7696088499919773,0.07699465141515693,-0.004531092787081632,1507,False,tie
HAR_vs_LASSO,MSFT,-0.33863798924104915,0.7349296665895086,-0.0013328639046987798,1507,False,tie
HAR_vs_LASSO,NFLX,-0.3359728115333078,0.7369381703147133,-0.0028452034061241557,1507,False,tie
HAR_vs_LASSO,NKE,-2.0420528041976858,0.04132018515342728,-0.004516909794054902,1507,True,LASSO
HAR_vs_LASSO,NVDA,-3.227207064411543,0.0012769338235090189,-0.005812755572367109,1507,True,LASSO
HAR_vs_LASSO,ORCL,-0.9652381550901605,0.33458050841235787,-0.0021915544426571263,1507,False,tie
HAR_vs_LASSO,PG,-3.2579285743184068,0.0011472893952324537,-0.009723462758041063,1507,True,LASSO
HAR_vs_LASSO,PM,-1.2926302838918897,0.19633724088458226,-0.0037085193810006954,1507,False,tie
HAR_vs_LASSO,SHW,-1.975361440447549,0.04840948446220783,-0.00523340472649469,1507,True,LASSO
HAR_vs_LASSO,TRV,-2.9888319030782315,0.0028458232972050634,-0.007991159876506558,1507,True,LASSO
HAR_vs_LASSO,TSLA,-1.1694186814151124,0.24242003605697127,-0.002410082004366532,1507,False,tie
HAR_vs_LASSO,UNH,-3.824395753957489,0.0001364445397844527,-0.011232881959227009,1507,True,LASSO
HAR_vs_LASSO,V,0.03389884998881622,0.9729623023776792,0.00019753518962326675,1507,False,tie
HAR_vs_LASSO,VZ,-3.7529775651322015,0.000181383720983197,-0.009096643526612793,1507,True,LASSO
HAR_vs_LASSO,WMT,-1.1283624894676922,0.25934658103268937,-0.004826147488266477,1507,False,tie
HAR_vs_LASSO,XOM,-1.4652749547641841,0.1430546497566596,-0.003074582323493985,1507,False,tie
HAR_vs_RF,AAPL,0.8233838245196969,0.410420123242321,0.003137677347293171,1507,False,tie
HAR_vs_RF,ADBE,1.4177615000380053,0.15646727322895315,0.00996843250854382,1507,False,tie
HAR_vs_RF,AMD,1.4436651628438895,0.1490411661645923,0.002900198683579104,1507,False,tie
HAR_vs_RF,AMGN,1.538667300752064,0.12409560748015247,0.0381113778494213,1507,False,tie
HAR_vs_RF,AMZN,-1.426311418000396,0.15398572936084753,-0.02217330816090671,1507,False,tie
HAR_vs_RF,AXP,1.5098193916847211,0.13129928396666068,0.04084612750728015,1507,False,tie
HAR_vs_RF,BA,1.5478486148385011,0.12186885153007188,0.13512941995438932,1507,False,tie
HAR_vs_RF,CAT,1.2000636537458487,0.23030336423681397,0.01646041995419441,1507,False,tie
HAR_vs_RF,CRM,2.201053558978503,0.02788350168180531,0.01584900710041701,1507,True,HAR
HAR_vs_RF,CSCO,1.4506337791215413,0.1470901051874438,0.03522217700519991,1507,False,tie
HAR_vs_RF,CVX,1.3390135644486691,0.18076832378547847,0.03704321666673283,1507,False,tie
HAR_vs_RF,DIS,1.4033958833281044,0.16070496669519407,0.026914628853674214,1507,False,tie
HAR_vs_RF,GE,2.7724540836422285,0.005632072020553824,0.01707855772827542,1507,True,HAR
HAR_vs_RF,GOOGL,0.8928281699714531,0.37209183843670623,0.008463389797422753,1507,False,tie
HAR_vs_RF,GS,1.0900090692134445,0.2758835238441508,0.018128981953180162,1507,False,tie
HAR_vs_RF,HD,1.3537838321328606,0.17600847870286218,0.05051217568089796,1507,False,tie
HAR_vs_RF,HON,1.6346964864101303,0.10232167900551059,0.04659367277764824,1507,False,tie
HAR_vs_RF,IBM,1.677797402469971,0.09359414866216609,0.03625731259721612,1507,False,tie
HAR_vs_RF,JNJ,1.1156523718574674,0.2647489499763438,0.018327813540233176,1507,False,tie
HAR_vs_RF,JPM,1.1933056662334325,0.23293763532713374,0.03092065023559092,1507,False,tie
HAR_vs_RF,KO,1.3130953037976658,0.18935087238189485,0.04461318909022098,1507,False,tie
HAR_vs_RF,MCD,1.298146212669572,0.19443586367072352,0.0720305604956984,1507,False,tie
HAR_vs_RF,MMM,1.601108821105388,0.1095625451238853,0.027549481063964085,1507,False,tie
HAR_vs_RF,MRK,1.7103155860135397,0.08741349391810838,0.021015361312432337,1507,False,tie
HAR_vs_RF,MSFT,1.7479298685390132,0.08067995241440284,0.020297139970436442,1507,False,tie
HAR_vs_RF,NFLX,0.9116684828147915,0.36208916365697696,0.018514075849237435,1507,False,tie
HAR_vs_RF,NKE,1.2702158835908446,0.20420394805308217,0.02349928586163603,1507,False,tie
HAR_vs_RF,NVDA,1.4413965875960097,0.14968056616825232,0.006393688074823737,1507,False,tie
HAR_vs_RF,ORCL,1.7242593256574734,0.08486624314829094,0.03420453024049272,1507,False,tie
HAR_vs_RF,PG,1.3157429191916754,0.1884605972312705,0.05648084461651926,1507,False,tie
HAR_vs_RF,PM,1.5556991324402472,0.11998976202372291,0.039396885270814676,1507,False,tie
HAR_vs_RF,SHW,1.3727985726440328,0.17001935619878683,0.05403743229478307,1507,False,tie
HAR_vs_RF,TRV,1.4430855659446629,0.14920432724447474,0.04826702029159807,1507,False,tie
HAR_vs_RF,TSLA,1.2047037426623963,0.22850697210573157,0.004780872019790784,1507,False,tie
HAR_vs_RF,UNH,1.507754721591672,0.13182705027139185,0.018340993654693057,1507,False,tie
HAR_vs_RF,V,1.6943257515605943,0.09041015669675212,0.023385629969878634,1507,False,tie
HAR_vs_RF,VZ,0.9478358802722091,0.34336507357319457,0.014520270628668078,1507,False,tie
HAR_vs_RF,WMT,1.5061666273725753,0.1322341138380847,0.024124846412145916,1507,False,tie
HAR_vs_RF,XOM,1.6836845502875841,0.09244988899487216,0.03818855426916628,1507,False,tie
HAR_vs_HV,AAPL,7.715752161709008,2.1760371282653068e-14,0.13281940797092642,1507,True,HAR
HAR_vs_HV,ADBE,9.40367829744978,0.0,0.1835585381319511,1507,True,HAR
HAR_vs_HV,AMD,9.79844462324542,0.0,0.1280685916395878,1507,True,HAR
HAR_vs_HV,AMGN,7.751620325091918,1.6653345369377348e-14,0.20473543273098394,1507,True,HAR
HAR_vs_HV,AMZN,7.112096349537086,1.7601475832407232e-12,0.15867345439182787,1507,True,HAR
HAR_vs_HV,AXP,8.993636490362166,0.0,0.18711663044581164,1507,True,HAR
HAR_vs_HV,BA,6.480648602494672,1.2341638822022105e-10,0.11703236179985779,1507,True,HAR
HAR_vs_HV,CAT,9.005042777440314,0.0,0.13568410754608098,1507,True,HAR
HAR_vs_HV,CRM,6.481929180310178,1.224012002865038e-10,0.20349741532704135,1507,True,HAR
HAR_vs_HV,CSCO,7.1497495221567435,1.3509193763638905e-12,0.14936732946266926,1507,True,HAR
HAR_vs_HV,CVX,7.444241549708098,1.63202784619898e-13,0.1176179655876299,1507,True,HAR
HAR_vs_HV,DIS,8.983846939404387,0.0,0.19402681817599293,1507,True,HAR
HAR_vs_HV,GE,7.531628681564602,8.593126210598712e-14,0.15206069951432002,1507,True,HAR
HAR_vs_HV,GOOGL,4.0645180397542555,5.06158439093074e-05,0.09891130435293817,1507,True,HAR
HAR_vs_HV,GS,7.263222056352237,6.039613253960852e-13,0.12990599830212302,1507,True,HAR
HAR_vs_HV,HD,6.7616665587262705,1.9453993971296768e-11,0.10714186383812155,1507,True,HAR
HAR_vs_HV,HON,8.204341414650006,4.440892098500626e-16,0.13114287648841855,1507,True,HAR
HAR_vs_HV,IBM,9.054266084755934,0.0,0.19758667400579658,1507,True,HAR
HAR_vs_HV,JNJ,6.272314730969108,4.637970008047887e-10,0.11038393608257288,1507,True,HAR
HAR_vs_HV,JPM,7.019715788489128,3.3515412667384226e-12,0.14066094144790708,1507,True,HAR
HAR_vs_HV,KO,6.786145510625127,1.6506795930126827e-11,0.10795662310854355,1507,True,HAR
HAR_vs_HV,MCD,4.508561502430385,7.032145915131238e-06,0.11368488586527206,1507,True,HAR
HAR_vs_HV,MMM,7.909716923337803,4.884981308350689e-15,0.19475460110320986,1507,True,HAR
HAR_vs_HV,MRK,7.455365729127291,1.5054624213917123e-13,0.12007128486992864,1507,True,HAR
HAR_vs_HV,MSFT,6.667642919959784,3.6381786472361455e-11,0.15941225544690843,1507,True,HAR
HAR_vs_HV,NFLX,6.807998681170293,1.4248602298039259e-11,0.15664676191765065,1507,True,HAR
HAR_vs_HV,NKE,7.540124522244676,8.08242361927114e-14,0.22620526612405806,1507,True,HAR
HAR_vs_HV,NVDA,7.742462598247259,1.7763568394002505e-14,0.13419025662199774,1507,True,HAR
HAR_vs_HV,ORCL,8.888126053249781,0.0,0.247169530440787,1507,True,HAR
HAR_vs_HV,PG,8.027554571418106,1.9984014443252818e-15,0.09825108998544028,1507,True,HAR
HAR_vs_HV,PM,7.138653179215222,1.460609411196856e-12,0.12459744287947486,1507,True,HAR
HAR_vs_HV,SHW,7.850060959451635,7.771561172376096e-15,0.12329594549747272,1507,True,HAR
HAR_vs_HV,TRV,8.04249924401145,1.7763568394002505e-15,0.13035918167064273,1507,True,HAR
HAR_vs_HV,TSLA,8.014088807418766,2.220446049250313e-15,0.13505266124372042,1507,True,HAR
HAR_vs_HV,UNH,6.770591128175787,1.832423102143821e-11,0.15725247876858553,1507,True,HAR
HAR_vs_HV,V,6.982618354658796,4.331424108272586e-12,0.11771630949128849,1507,True,HAR
HAR_vs_HV,VZ,7.354724293575278,3.128608483393691e-13,0.13984828853335698,1507,True,HAR
HAR_vs_HV,WMT,5.728432820984609,1.2218662526208846e-08,0.15975510022364742,1507,True,HAR
HAR_vs_HV,XOM,5.273387428848138,1.534139157932657e-07,0.08204569705355465,1507,True,HAR
HAR_vs_EWMA,AAPL,7.674381748301426,2.9753977059954195e-14,0.12024168795347408,1507,True,HAR
HAR_vs_EWMA,ADBE,9.64836204204877,0.0,0.16786748884910635,1507,True,HAR
HAR_vs_EWMA,AMD,10.622991289652239,0.0,0.11966521194451456,1507,True,HAR
HAR_vs_EWMA,AMGN,7.701092412657865,2.4202861936828413e-14,0.1314540499985003,1507,True,HAR
HAR_vs_EWMA,AMZN,6.707856872387623,2.786260111520278e-11,0.1368527284283411,1507,True,HAR
HAR_vs_EWMA,AXP,8.510232663018325,0.0,0.1660233209999985,1507,True,HAR
HAR_vs_EWMA,BA,6.34169397032661,2.9973801218829976e-10,0.10545418165899581,1507,True,HAR
HAR_vs_EWMA,CAT,8.545459127757539,0.0,0.11623014995643806,1507,True,HAR
HAR_vs_EWMA,CRM,8.512363233244564,0.0,0.16073865862976852,1507,True,HAR
HAR_vs_EWMA,CSCO,7.9491664279869205,3.552713678800501e-15,0.13951249978868843,1507,True,HAR
HAR_vs_EWMA,CVX,7.283839038421138,5.211386877590485e-13,0.11093675074214658,1507,True,HAR
HAR_vs_EWMA,DIS,8.74198968915065,0.0,0.16696725026339432,1507,True,HAR
HAR_vs_EWMA,GE,7.591874357961392,5.5067062021407764e-14,0.13727750990169313,1507,True,HAR
HAR_vs_EWMA,GOOGL,3.135872750738849,0.0017465621085595018,0.07501673707349532,1507,True,HAR
HAR_vs_EWMA,GS,6.813169244095881,1.3760326211809115e-11,0.11017151860273885,1507,True,HAR
HAR_vs_EWMA,HD,5.9375432654805245,3.585758800994654e-09,0.09068136077831859,1507,True,HAR
HAR_vs_EWMA,HON,8.222394475218113,4.440892098500626e-16,0.11910240149340284,1507,True,HAR
HAR_vs_EWMA,IBM,9.80759953349891,0.0,0.17021196076108594,1507,True,HAR
HAR_vs_EWMA,JNJ,5.120113567811489,3.447245475740601e-07,0.06434471700663053,1507,True,HAR
HAR_vs_EWMA,JPM,7.264310552258147,5.992983886926595e-13,0.12785913640166818,1507,True,HAR
HAR_vs_EWMA,KO,6.210164169067354,6.832188148564455e-10,0.0647281758038503,1507,True,HAR
HAR_vs_EWMA,MCD,3.3142608494001253,0.0009406803769271832,0.0775666293656906,1507,True,HAR
HAR_vs_EWMA,MMM,7.473284818651231,1.3211653993039363e-13,0.1593443576213972,1507,True,HAR
HAR_vs_EWMA,MRK,6.235809614231111,5.825391280467329e-10,0.08464510483335431,1507,True,HAR
HAR_vs_EWMA,MSFT,5.265401156788653,1.601090844349784e-07,0.1292855150874155,1507,True,HAR
HAR_vs_EWMA,NFLX,5.393997562355827,7.991312256372396e-08,0.1135233243374436,1507,True,HAR
HAR_vs_EWMA,NKE,8.338237519027626,2.220446049250313e-16,0.22067918258635874,1507,True,HAR
HAR_vs_EWMA,NVDA,8.675563702677955,0.0,0.13612880358842505,1507,True,HAR
HAR_vs_EWMA,ORCL,9.066544207397415,0.0,0.22373461659014132,1507,True,HAR
HAR_vs_EWMA,PG,6.468865673307489,1.331506016555295e-10,0.07102057276860049,1507,True,HAR
HAR_vs_EWMA,PM,7.756258725715067,1.5987211554602254e-14,0.101004848135581,1507,True,HAR
HAR_vs_EWMA,SHW,7.807068374588201,1.0880185641326534e-14,0.0973499224871005,1507,True,HAR
HAR_vs_EWMA,TRV,7.334380447713713,3.623767952376511e-13,0.09821236769953008,1507,True,HAR
HAR_vs_EWMA,TSLA,8.469299078638109,0.0,0.13802992250756563,1507,True,HAR
HAR_vs_EWMA,UNH,5.890745875236273,4.734089786850859e-09,0.11590499537724593,1507,True,HAR
HAR_vs_EWMA,V,2.5156510132544723,0.01198460804577528,0.07257420198811916,1507,True,HAR
HAR_vs_EWMA,VZ,8.341904367007636,2.220446049250313e-16,0.112399894135215,1507,True,HAR
HAR_vs_EWMA,WMT,3.086843499609325,0.0020598388139627666,0.10445571338622817,1507,True,HAR
HAR_vs_EWMA,XOM,5.703249892173233,1.412472117046093e-08,0.08272600578225356,1507,True,HAR
