symbol,model,mse_log,mae_log,rmse_log,qlike,n
AAPL,EWMA,0.7924500907167339,0.7311317673701854,0.8901966584506672,0.30153803294138504,1507
ADBE,EWMA,0.8731621854296971,0.7683449966445265,0.9344314771184119,0.31583407851949186,1507
AMD,EWMA,0.678510157739162,0.6857799103567783,0.8237172802237197,0.2579754324887015,1507
AMGN,EWMA,0.5949637420242578,0.6168703724942576,0.7713389281141318,0.3321278128622238,1507
AMZN,EWMA,0.978534147312332,0.8023113764513807,0.989208849188245,0.5174454230035114,1507
AXP,EWMA,0.9194605573632757,0.7941911080402186,0.9588850595161422,0.3332667407288758,1507
BA,EWMA,0.776369497094087,0.7231770092115055,0.8811183218467806,0.29354823578892725,1507
CAT,EWMA,0.6998101148954703,0.6793046441950396,0.8365465407826813,0.2639719021124571,1507
CRM,EWMA,0.8903762273869319,0.7828467972431977,0.9435974922534142,0.3811147193964011,1507
CSCO,EWMA,0.8348691420955384,0.7362710704982155,0.9137117390597204,0.3253709913823604,1507
CVX,EWMA,0.6506621362354298,0.6510304080889037,0.8066363097675617,0.2557267715589015,1507
DIS,EWMA,0.9289851380524736,0.7888503248625914,0.9638387510639286,0.35223491283148695,1507
GE,EWMA,0.8425359000847331,0.7385644616678896,0.9178975433482395,0.3167881990288287,1507
GOOGL,EWMA,0.8196755020376566,0.746981435791563,0.9053593220581851,0.3723897053693445,1507
GS,EWMA,0.696842953327801,0.6656821786655039,0.8347711981901395,0.26471785832961425,1507
HD,EWMA,0.5715827031472223,0.5998587137463106,0.7560308876938973,0.239982090013268,1507
HON,EWMA,0.6913806857305516,0.6680914632922741,0.8314930461107607,0.285180701774358,1507
IBM,EWMA,0.8665092416157985,0.7628100419134208,0.9308647815960159,0.3356922217218904,1507
JNJ,EWMA,0.4568516329569772,0.5232195180290351,0.6759080062826429,0.23264362558035764,1507
JPM,EWMA,0.7785726163634055,0.7120835900160403,0.8823676197387376,0.302161819645694,1507
KO,EWMA,0.4718255434744073,0.5461128360783362,0.6868955841133405,0.21234037885522078,1507
MCD,EWMA,0.5215428725125434,0.5664401994584657,0.7221792523415107,0.26816272632889676,1507
MMM,EWMA,0.8797087742604867,0.7711076923403866,0.9379279152794668,0.3519874394339271,1507
MRK,EWMA,0.5653039776072745,0.5909492256407138,0.7518669946255617,0.2654183038824463,1507
MSFT,EWMA,0.9350743220954798,0.794649890481789,0.9669924105676734,0.4269704151698431,1507
NFLX,EWMA,0.8148996777509381,0.7398049889340756,0.9027179391985838,0.4582834593372868,1507
NKE,EWMA,1.1657681598593168,0.8951367817726914,1.079707441791209,0.4003324710291761,1507
NVDA,EWMA,0.8292900914069158,0.7595308602984681,0.9106536616117654,0.30204305981373514,1507
ORCL,EWMA,1.22084283274362,0.9219871271438012,1.1049175683025498,0.4366002925699269,1507
PG,EWMA,0.4770838825990362,0.5405557054810782,0.6907125904448508,0.22296195417504827,1507
PM,EWMA,0.6610315977831117,0.6561980304019616,0.8130384971101379,0.2828198562225711,1507
SHW,EWMA,0.5711652651819275,0.6024408317074005,0.755754765239312,0.2637835893693056,1507
TRV,EWMA,0.5979265199022007,0.6256351596332022,0.7732570852583251,0.24635446950744086,1507
TSLA,EWMA,0.8805158682074204,0.7887319454688938,0.9383580703587626,0.314172325440603,1507
UNH,EWMA,0.7818893221411908,0.6918037610185523,0.8842450577420214,0.30523615051728703,1507
V,EWMA,0.6675537143753946,0.6510329943178819,0.8170396039210062,0.33097811685365575,1507
VZ,EWMA,0.6631784978249186,0.6623768111520594,0.8143577210445779,0.2919589297442704,1507
WMT,EWMA,0.7043084540225032,0.6739849086929461,0.8392308705132951,0.3437261484832719,1507
XOM,EWMA,0.5877676835010129,0.6331296769337805,0.7666600834144249,0.24559952690406492,1507
