symbol,n_train_init,n_test,r2_train,const,beta_d,beta_w,beta_m,sum_beta,mse_log,mae_log,rmse_log,mse_rv,mae_rv,qlike
AMD,1237,1507,0.5242786867396405,-0.6070610502926854,0.44092034482293085,0.16628374507913507,0.30944021584695447,0.9166443057490203,0.2504268706269352,0.3902988292901064,0.5004266885638047,3.0741271676411025e-07,0.00030473941771676027,0.13831022054417383
CVX,1237,1507,0.6194688391433134,-0.7176892573914344,0.4096055626356272,0.32237080507567195,0.19091765756909673,0.9228940252803959,0.2512449204388477,0.3793659315581251,0.501243374458803,1.4564317940521288e-07,0.00012084314729103548,0.14479002081670367
KO,1237,1507,0.4443775513836119,-1.314894954136225,0.3814307712007251,0.265206351216866,0.2205018477526799,0.867138970170271,0.24651428207730486,0.37472616157920996,0.4965020463979024,5.828388917032972e-08,5.793950793280462e-05,0.14761220305134304
CAT,1237,1507,0.4940966202885161,-0.8261845587574705,0.28969394694098705,0.33350076775978466,0.2841528632951803,0.907347577995952,0.2676330975955955,0.39615845280017553,0.5173326759403426,9.541790569322828e-08,0.00011870757545204032,0.1477417521559778
ADBE,1237,1507,0.5657670433758981,-0.9224158440008585,0.4387974444333146,0.3122033079723952,0.14598294152469582,0.8969836939304057,0.2658110284880077,0.3981945974676002,0.5155686457572917,8.577264611004807e-08,0.00014084709363017747,0.14796658967034929
TRV,1237,1507,0.44426073620953077,-1.3109582303875849,0.35402014129043563,0.32074334964523266,0.18937070956838797,0.8641342005040563,0.24447272722389243,0.36551627434402584,0.4944418340147731,7.872759545170041e-08,8.691065333698363e-05,0.1481421018078655
HD,1237,1507,0.45209684272955497,-1.2915784786929083,0.3662803237355896,0.3090215581547118,0.1877911039822484,0.8630929858725498,0.2591456113286883,0.386961012540199,0.5090634649321126,1.6108704165130945e-07,0.00010771452132370674,0.14930072923491539
PG,1237,1507,0.4205827449550743,-1.4255595088648434,0.3044047795028937,0.36950289518443175,0.18063747092907212,0.8545451456163975,0.2486808025780524,0.37289199881466245,0.49867905768946463,8.857452120272717e-08,6.743862213918364e-05,0.15194138140641475
GS,1237,1507,0.4440172833890246,-1.1854577742360624,0.42450125288922497,0.19270037539522117,0.2517932450130307,0.8689948732974768,0.27263167842523434,0.40116191294060966,0.5221414352694433,1.3041062722529503e-07,0.00012327469788494735,0.15454633972684095
XOM,1237,1507,0.5820194177746476,-0.8513801199533191,0.3982840127173138,0.2999968589412889,0.2125593789712425,0.9108402506298452,0.24859165171730516,0.37521322992550743,0.4985896626659092,1.594047092317345e-07,0.0001314162114927778,0.16287352112176423
IBM,1237,1507,0.46629675414641536,-1.2190780257023055,0.39048985337303843,0.2573551648787924,0.22541764303671138,0.8732626612885422,0.2780324108866169,0.40064888643710056,0.5272877875379032,6.056161531637986e-08,8.599132579767948e-05,0.16548026096076168
NVDA,1237,1507,0.4719776830654048,-0.9814991535690678,0.4479779130728907,0.1943322180840925,0.23850486574580698,0.8808149969027902,0.2950710630186301,0.42074689201524484,0.543204439431997,3.6346344149126613e-07,0.0003040130255347716,0.16591425622528894
HON,1237,1507,0.4823826587123953,-1.2212104683142766,0.4499620181754126,0.19640675116274228,0.2273549140465273,0.8737236833846822,0.2849661436101944,0.4076855713677914,0.5338222022454615,1.3210251757479605e-07,9.882542196232008e-05,0.1660783002809094
SHW,1237,1507,0.438015742714715,-1.0513942447313704,0.40688892702773705,0.14375853083164714,0.3332469123338973,0.8838943701932815,0.2699042801943021,0.38613416783859233,0.5195231276798966,1.6195407816799362e-07,0.0001166893060659743,0.16643366688218772
AXP,1237,1507,0.4144819438108096,-1.3185021569069857,0.39754547060936013,0.18485602300132603,0.2786163184665278,0.861017812077214,0.28240044114531776,0.4042577354968693,0.531413625291371,1.4015748020709148e-07,0.00013223238178142085,0.16724341972883344
JNJ,1237,1507,0.42105454631313144,-1.390695392052665,0.3020862370930677,0.36120907127574725,0.1939603557131342,0.8572556640819491,0.27388537015756736,0.39293645359615403,0.5233405871491025,6.43365546455942e-08,6.404473375831828e-05,0.16829890857370275
JPM,1237,1507,0.4328873648176327,-1.3020838031528834,0.3994513857047117,0.23922462476148382,0.2220694441590515,0.860745454625247,0.2921174736869434,0.40663287158773703,0.5404789299195144,1.2530509244176904e-07,0.00010864993601270079,0.17430268324398637
TSLA,1237,1507,0.4257066106675277,-1.0873438197427765,0.3691715857485746,0.2710089456511293,0.22184532936972634,0.8620258607694303,0.3023363768256973,0.4215506519033536,0.549851231539675,1.1294842556026433e-06,0.0004834375568880695,0.17614240293301836
GE,1237,1507,0.7188481608218762,-0.346065105771693,0.38259717939732363,0.26266803800971444,0.3156759837816603,0.9609412011886984,0.2998838579295372,0.4135793406172494,0.5476165245219845,2.0157511252418397e-07,0.0001847992951475039,0.17951068912711138
VZ,1237,1507,0.37083761679841054,-1.4475410527509602,0.329027498787987,0.2687038868343246,0.25007860165915297,0.8478099872814646,0.28782276338973867,0.40481531829870726,0.5364911587246697,6.593678409659479e-08,6.859540075707172e-05,0.17955903560900324
NKE,1237,1507,0.40090713852297233,-1.3488888420950094,0.3861887162041074,0.2271090523877161,0.23975669958891643,0.8530544681807399,0.2952955957671254,0.41226188016023424,0.5434110743876365,1.5104882901764373e-07,0.00012865535159194223,0.17965328844276038
MRK,1237,1507,0.4046402473499048,-1.3569423936138016,0.33721940550330765,0.2962356883292677,0.2222289846912665,0.8556840785238419,0.28419536576219917,0.3942222967110814,0.533099770926793,6.383656585738274e-08,8.88241932649767e-05,0.1807731990490639
AAPL,1237,1507,0.5000883851627129,-1.1660773849130925,0.4438927190338021,0.2522303958385675,0.17793874062883802,0.8740618555012076,0.31614755995651156,0.4365122442917646,0.5622700062750204,1.2051424789592958e-07,0.00012520815291039477,0.18129634498786573
PM,1237,1507,0.4251763155763876,-1.0290881599652124,0.3037679850822475,0.2524470587448078,0.33412597798231314,0.8903410218093684,0.27742631494018416,0.39220544217085096,0.5267127442355882,1.2434507498409624e-07,8.964887574343333e-05,0.18181500808694964
DIS,1237,1507,0.44781125388147325,-1.4304389954612802,0.4020738744674651,0.2973661740231873,0.1495938508257495,0.8490338993164019,0.3039498581720389,0.41540439832332465,0.5513164773268063,1.0402632564406262e-07,0.00012308206366672006,0.185267662568046
CSCO,1237,1507,0.4886256563838445,-1.2121714693223427,0.40402527000562816,0.30576324935801164,0.15940253529217852,0.8691910546558183,0.3025431738374881,0.41717565584986765,0.550039247542835,9.267767240768563e-08,9.079053970967722e-05,0.18585849159360357
BA,1237,1507,0.4774253813197066,-0.9340703160196426,0.3878966978849907,0.21989146675641458,0.2893174843169555,0.8971056489583608,0.3168472171946197,0.4224642758967131,0.5628918343648447,1.1649111328391032e-06,0.00027247883795370067,0.18809405412990207
UNH,1237,1507,0.493410290308294,-1.0363381051750267,0.4091022123246087,0.24490581198626518,0.23301098337150816,0.8870190076823821,0.30376820212761674,0.4135790399969726,0.5511517051843501,1.0879370999726072e-07,0.00012359903376113016,0.1893311551400082
MCD,1237,1507,0.4090886112615165,-1.4325399625214637,0.3705481722462445,0.27787530359062673,0.20425864792250037,0.8526821237593716,0.2644784990036209,0.3768755218651275,0.5142747310568748,1.0633811433796056e-07,7.902746777163303e-05,0.19059609696318014
MMM,1237,1507,0.5605616078634255,-0.8611490650085614,0.36723952349081956,0.33378658907005393,0.2094438486680077,0.9104699612288811,0.2962560624343344,0.3987910713033602,0.5442940955350649,7.383633640877561e-08,9.902027616350677e-05,0.1926430818124902
AMGN,1237,1507,0.4876566213411321,-1.1013634391728475,0.40029060043567444,0.296164289165172,0.17998965698965885,0.8764445465905053,0.29485658362800127,0.3990604869765175,0.5430069830379728,4.5778478795165074e-07,0.00013171675755857133,0.20067376286374405
ORCL,1237,1507,0.47463039670317697,-1.4561347808283203,0.47808435918113334,0.2245334771776442,0.14276421155435626,0.8453820479131338,0.3337829929018035,0.4264399989823159,0.5777395545588024,1.686730868086965e-07,0.00014121778836166522,0.21286567597974151
CRM,1237,1507,0.5123877066524009,-1.0373788440491,0.4772051559303609,0.1995303613684159,0.20522112363035255,0.8819566409291293,0.3177194843925278,0.41908683048117784,0.5636661107362476,2.8215936964379594e-07,0.00017499507730682433,0.2203760607666107
WMT,1237,1507,0.3535062433315419,-1.8158402609483666,0.34093188290584625,0.2922429514938707,0.17673314219751024,0.8099079765972272,0.28536763038081087,0.3915893469112174,0.5341981190352609,1.597588185486935e-07,7.517966020875868e-05,0.23927043509698004
V,1237,1507,0.5122118466288641,-1.1160076691612009,0.40420833340763457,0.3029135264064217,0.17503536765505134,0.8821572274691076,0.315642950733829,0.41587566732403475,0.5618211020723848,2.2723304937424954e-07,0.00010058882180650408,0.2584039148654661
GOOGL,1237,1507,0.5249965633438938,-1.0485794842078153,0.42857304422290515,0.27896024206652886,0.17802331453592482,0.8855566008253588,0.3764738822697803,0.4522890878754124,0.6135746753817177,2.6193990968034355e-07,0.00015826070316415748,0.29737296829578075
MSFT,1237,1507,0.5472034847671192,-0.8916308897500489,0.42671132607818574,0.2646108106074724,0.21298655178086223,0.9043086884665203,0.36361473016711654,0.4353910572705987,0.6030047513636327,1.4607029104548226e-07,0.00012310751842407075,0.29768490008238785
NFLX,1237,1507,0.5537118226561701,-0.6875329141080235,0.3778216441287872,0.2742215220187047,0.26367630254544194,0.9157194686929339,0.35110611365967714,0.41578060393822897,0.5925420775435928,2.06495546341879e-06,0.0002958006622208116,0.3447601349998223
AMZN,1237,1507,0.5285653595313815,-1.0857042156179286,0.4741147823343718,0.2306800192410684,0.17506828228257065,0.8798630838580108,0.4083385688827442,0.4555171772043868,0.6390137470217243,1.6153948202435708e-06,0.00024473444485577844,0.3805926945751001
