n_test,mse_log,mae_log,rmse_log,mse_rv,mae_rv,qlike,symbol
1507,0.3281904746122866,0.4448232838969981,0.5728791099457953,1.2514388366737575e-07,0.00013122646572669548,0.1844340223351579,AAPL
1507,0.27764886083905804,0.4021212043352138,0.5269239611547932,1.2609409805053645e-07,0.0001500594753870601,0.15793502217889233,ADBE
1507,0.257484464515074,0.39435273880448585,0.507429270455572,3.1684455172228047e-07,0.00031171455331698266,0.14121041922775202,AMD
1507,0.3160071864169884,0.40538418773041807,0.5621451648969227,5.667630054200222e-07,0.00013966968654205076,0.238785140713156,AMGN
1507,0.4118630408957254,0.46255521876468236,0.6417655653708177,1.580372420943032e-06,0.00024706633630593926,0.3584193864142298,AMZN
1507,0.32877667381756387,0.4275876823037398,0.5733905072614682,2.397163416752325e-07,0.00015536470233184477,0.20808954723610365,AXP
1507,0.41280654986250603,0.461763481763885,0.6425002333559935,1.9690847435720612e-06,0.0003388201766543837,0.32322347408426866,BA
1507,0.2845098722064938,0.40527403478372676,0.5333946683333963,1.3929099203002014e-07,0.00013001397402326783,0.16420217211016583,CAT
1507,0.3313087721251423,0.4282232807202685,0.5755942773561445,3.215149399790174e-07,0.0001842697138944305,0.23622506786701622,CRM
1507,0.3393492009566702,0.43407796953455363,0.5825368666073163,1.727960128039565e-07,0.00010446200458434274,0.22108066859879436,CSCO
1507,0.290562595753893,0.39836352795038454,0.5390385846615184,3.323848772575189e-07,0.00014910808770004496,0.181833237483427,CVX
1507,0.34260800354470283,0.43342204841788157,0.585327261918239,1.8538427406787543e-07,0.00014394293883122927,0.21218229142171754,DIS
1507,0.32754241936651535,0.43260239862781735,0.572313217885552,2.78714779697078e-07,0.0002000709463934111,0.19658924685538173,GE
1507,0.3884002530936862,0.46127104885400916,0.6232176610893551,2.7403838996381647e-07,0.00016398764494942981,0.3058363580932134,GOOGL
1507,0.29314217725657726,0.4098296740808729,0.5414260589005457,2.0044353418728965e-07,0.0001349459855908762,0.1726753216800108,GS
1507,0.30254907052770563,0.3997251616983521,0.5500446077616847,2.9418802419815287e-07,0.00012395006822610492,0.1998129049157929,HD
1507,0.3291931229337537,0.426143813940465,0.573753538493449,2.1991575114786783e-07,0.0001109800876275399,0.21267197305854457,HON
1507,0.31966406039477974,0.4201245660479688,0.5653884155116549,1.0597984807750482e-07,9.867581886840315e-05,0.20173757355796576,IBM
1507,0.2976908973116072,0.4053728284047177,0.5456105729470491,9.537123662749503e-08,7.124223985433055e-05,0.18662672211393658,JNJ
1507,0.3233921881017039,0.41666550854140477,0.5686758198672631,2.1261253317149627e-07,0.0001243386557640441,0.20522333347956373,JPM
1507,0.28719901157319566,0.3902530000591992,0.5359095180841591,1.0342804358730561e-07,6.825656340278041e-05,0.1922253921415598,KO
1507,0.3221438304111194,0.39683292349358057,0.5675771581125507,2.2409052576928526e-07,9.619198731754001e-05,0.26262665745887315,MCD
1507,0.3278077784102176,0.4163014309357972,0.572545001209702,1.1305779302744057e-07,0.00010984855466740338,0.2201925628764424,MMM
1507,0.30839375265718283,0.40309001267219285,0.5553321102342118,8.777820402341374e-08,9.506759035753356e-05,0.20178856036148252,MRK
1507,0.3802019529718106,0.44358552736469875,0.616605184029303,1.819721785672709e-07,0.00013184279558660345,0.3179820400527993,MSFT
1507,0.3584852539529193,0.4227488333957032,0.5987363810166535,2.0700910934611367e-06,0.0003038324161813049,0.3632742108490675,NFLX
1507,0.3196073675159785,0.424232262530928,0.5653382770660222,2.1297984841213767e-07,0.00013841036637433836,0.20315257430439998,NKE
1507,0.3051151431999674,0.4279976948882666,0.5523722867776473,4.1981602150798115e-07,0.00031948423478564224,0.17230794430010832,NVDA
1507,0.3707671747598025,0.44462733405590577,0.6089065402504743,2.4058644442239127e-07,0.00015929853160908669,0.2470702062202252,ORCL
1507,0.2975588815209414,0.39208335240665537,0.5454895796630229,1.643552530220256e-07,8.166552611400213e-05,0.20842222602291866,PG
1507,0.3172440806710861,0.406081241138892,0.5632442460168466,2.1064419221419623e-07,0.00010365785023755485,0.22121189335775773,PM
1507,0.32242409203358285,0.41012673847556813,0.5678239974090412,3.0977823218794566e-07,0.0001458308141211927,0.2204710991769494,SHW
1507,0.2905348268751632,0.38439063419465025,0.5390128262621987,1.5017206928610503e-07,0.0001063411234695255,0.19640912209945918,TRV
1507,0.31349820181240423,0.4270369342078464,0.5599091013837909,1.2606539522155183e-06,0.000502207238348294,0.18092327495281035,TSLA
1507,0.3303475992946597,0.42973230025750647,0.5747587313774882,1.7784016932049528e-07,0.00013801249100950578,0.2076721487946904,UNH
1507,0.3367487951616501,0.43137819412786726,0.5803006075833888,2.7017242500357045e-07,0.0001116642375237077,0.2817895448353335,V
1507,0.3069368870675342,0.41150211134996917,0.5540188508232677,8.728785761056348e-08,7.423750414831485e-05,0.19407930623766265,VZ
1507,0.3004437614964042,0.39554407036876177,0.5481275047800505,1.8161235341215496e-07,8.185780958234773e-05,0.2633952815091584,WMT
1507,0.2930755618524296,0.3986589019318106,0.5413645369364617,2.8462944648734303e-07,0.00015770471502284073,0.20106207539092366,XOM
