model,dist,level,symbol,n,n_viol,viol_rate,expected,kupiec_p,cc_p,cc_ind_p,pass_kupiec,pass_cc
HAR,normal,0.95,AAPL,1507,66,0.0438,0.050000000000000044,0.2593,0.5282,0.9476,True,True
HAR,normal,0.95,ADBE,1507,89,0.0591,0.050000000000000044,0.1163,0.2754,0.7365,True,True
HAR,normal,0.95,AMD,1507,83,0.0551,0.050000000000000044,0.3733,0.4783,0.4088,True,True
HAR,normal,0.95,AMGN,1507,71,0.0471,0.050000000000000044,0.6038,0.8179,0.7157,True,True
HAR,normal,0.95,AMZN,1507,61,0.0405,0.050000000000000044,0.0798,0.2047,0.7474,True,True
HAR,normal,0.95,AXP,1507,92,0.061,0.050000000000000044,0.0568,0.0602,0.1581,True,True
HAR,normal,0.95,BA,1507,81,0.0537,0.050000000000000044,0.5092,0.0126,0.0039,True,False
HAR,normal,0.95,CAT,1507,80,0.0531,0.050000000000000044,0.5862,0.1915,0.0828,True,True
HAR,normal,0.95,CRM,1507,103,0.0683,0.050000000000000044,0.0019,0.0043,0.2567,False,False
HAR,normal,0.95,CSCO,1507,80,0.0531,0.050000000000000044,0.5862,0.795,0.6868,True,True
HAR,normal,0.95,CVX,1507,99,0.0657,0.050000000000000044,0.0075,0.0171,0.3193,False,False
HAR,normal,0.95,DIS,1507,90,0.0597,0.050000000000000044,0.0925,0.0008,0.0007,True,False
HAR,normal,0.95,GE,1507,81,0.0537,0.050000000000000044,0.5092,0.0908,0.0367,True,True
HAR,normal,0.95,GOOGL,1507,84,0.0557,0.050000000000000044,0.315,0.411,0.3806,True,True
HAR,normal,0.95,GS,1507,71,0.0471,0.050000000000000044,0.6038,0.3357,0.1665,True,True
HAR,normal,0.95,HD,1507,87,0.0577,0.050000000000000044,0.1785,0.2383,0.3036,True,True
HAR,normal,0.95,HON,1507,84,0.0557,0.050000000000000044,0.315,0.0991,0.0573,True,True
HAR,normal,0.95,IBM,1507,71,0.0471,0.050000000000000044,0.6038,0.8093,0.6948,True,True
HAR,normal,0.95,JNJ,1507,81,0.0537,0.050000000000000044,0.5092,0.7909,0.8549,True,True
HAR,normal,0.95,JPM,1507,80,0.0531,0.050000000000000044,0.5862,0.0302,0.0096,True,False
HAR,normal,0.95,KO,1507,80,0.0531,0.050000000000000044,0.5862,0.3835,0.203,True,True
HAR,normal,0.95,MCD,1507,63,0.0418,0.050000000000000044,0.1335,0.2964,0.6706,True,True
HAR,normal,0.95,MMM,1507,80,0.0531,0.050000000000000044,0.5862,0.3696,0.1931,True,True
HAR,normal,0.95,MRK,1507,84,0.0557,0.050000000000000044,0.315,0.5692,0.7316,True,True
HAR,normal,0.95,MSFT,1507,91,0.0604,0.050000000000000044,0.0728,0.1949,0.8185,True,True
HAR,normal,0.95,NFLX,1507,66,0.0438,0.050000000000000044,0.2593,0.2623,0.2361,True,True
HAR,normal,0.95,NKE,1507,103,0.0683,0.050000000000000044,0.0019,0.0081,0.9856,False,False
HAR,normal,0.95,NVDA,1507,76,0.0504,0.050000000000000044,0.9388,0.9932,0.9299,True,True
HAR,normal,0.95,ORCL,1507,100,0.0664,0.050000000000000044,0.0054,0.0088,0.1893,False,False
HAR,normal,0.95,PG,1507,84,0.0557,0.050000000000000044,0.315,0.411,0.3806,True,True
HAR,normal,0.95,PM,1507,85,0.0564,0.050000000000000044,0.2633,0.5323,0.9224,True,True
HAR,normal,0.95,SHW,1507,78,0.0518,0.050000000000000044,0.7554,0.9524,0.9833,True,True
HAR,normal,0.95,TRV,1507,86,0.0571,0.050000000000000044,0.2179,0.4676,0.9661,True,True
HAR,normal,0.95,TSLA,1507,91,0.0604,0.050000000000000044,0.0728,0.0395,0.0717,True,False
HAR,normal,0.95,UNH,1507,80,0.0531,0.050000000000000044,0.5862,0.1915,0.0828,True,True
HAR,normal,0.95,V,1507,73,0.0484,0.050000000000000044,0.7801,0.7133,0.4394,True,True
HAR,normal,0.95,VZ,1507,104,0.069,0.050000000000000044,0.0013,0.0045,0.4809,False,False
HAR,normal,0.95,WMT,1507,65,0.0431,0.050000000000000044,0.2107,0.2105,0.2132,True,True
HAR,normal,0.95,XOM,1507,89,0.0591,0.050000000000000044,0.1163,0.0819,0.1111,True,True
HAR,normal,0.99,AAPL,1507,16,0.0106,0.010000000000000009,0.8116,0.3624,0.1601,True,True
HAR,normal,0.99,ADBE,1507,50,0.0332,0.010000000000000009,0.0,0.0,0.5688,False,False
HAR,normal,0.99,AMD,1507,33,0.0219,0.010000000000000009,0.0001,0.0003,0.7525,False,False
HAR,normal,0.99,AMGN,1507,29,0.0192,0.010000000000000009,0.0014,0.0034,0.2859,False,False
HAR,normal,0.99,AMZN,1507,23,0.0153,0.010000000000000009,0.0567,0.114,0.3983,True,True
HAR,normal,0.99,AXP,1507,41,0.0272,0.010000000000000009,0.0,0.0,0.4366,False,False
HAR,normal,0.99,BA,1507,39,0.0259,0.010000000000000009,0.0,0.0,0.0188,False,False
HAR,normal,0.99,CAT,1507,29,0.0192,0.010000000000000009,0.0014,0.0052,0.5864,False,False
HAR,normal,0.99,CRM,1507,42,0.0279,0.010000000000000009,0.0,0.0,0.8675,False,False
HAR,normal,0.99,CSCO,1507,30,0.0199,0.010000000000000009,0.0007,0.0002,0.0215,False,False
HAR,normal,0.99,CVX,1507,38,0.0252,0.010000000000000009,0.0,0.0,0.3379,False,False
HAR,normal,0.99,DIS,1507,39,0.0259,0.010000000000000009,0.0,0.0,0.0962,False,False
HAR,normal,0.99,GE,1507,32,0.0212,0.010000000000000009,0.0001,0.0003,0.181,False,False
HAR,normal,0.99,GOOGL,1507,33,0.0219,0.010000000000000009,0.0001,0.0002,0.224,False,False
HAR,normal,0.99,GS,1507,22,0.0146,0.010000000000000009,0.0932,0.1514,0.3281,True,True
HAR,normal,0.99,HD,1507,32,0.0212,0.010000000000000009,0.0001,0.0007,0.7103,False,False
HAR,normal,0.99,HON,1507,35,0.0232,0.010000000000000009,0.0,0.0,0.2524,False,False
HAR,normal,0.99,IBM,1507,28,0.0186,0.010000000000000009,0.0028,0.0067,0.303,False,False
HAR,normal,0.99,JNJ,1507,30,0.0199,0.010000000000000009,0.0007,0.0016,0.2694,False,False
HAR,normal,0.99,JPM,1507,29,0.0192,0.010000000000000009,0.0014,0.0017,0.1154,False,False
HAR,normal,0.99,KO,1507,28,0.0186,0.010000000000000009,0.0028,0.0067,0.303,False,False
HAR,normal,0.99,MCD,1507,31,0.0206,0.010000000000000009,0.0003,0.0014,0.6684,False,False
HAR,normal,0.99,MMM,1507,30,0.0199,0.010000000000000009,0.0007,0.0027,0.6271,False,False
HAR,normal,0.99,MRK,1507,34,0.0226,0.010000000000000009,0.0,0.0001,0.7951,False,False
HAR,normal,0.99,MSFT,1507,35,0.0232,0.010000000000000009,0.0,0.0,0.1968,False,False
HAR,normal,0.99,NFLX,1507,26,0.0173,0.010000000000000009,0.0103,0.008,0.0798,False,False
HAR,normal,0.99,NKE,1507,37,0.0246,0.010000000000000009,0.0,0.0,0.1722,False,False
HAR,normal,0.99,NVDA,1507,22,0.0146,0.010000000000000009,0.0932,0.1514,0.3281,True,True
HAR,normal,0.99,ORCL,1507,45,0.0299,0.010000000000000009,0.0,0.0,0.2012,False,False
HAR,normal,0.99,PG,1507,31,0.0206,0.010000000000000009,0.0003,0.0006,0.1603,False,False
HAR,normal,0.99,PM,1507,33,0.0219,0.010000000000000009,0.0001,0.0002,0.224,False,False
HAR,normal,0.99,SHW,1507,35,0.0232,0.010000000000000009,0.0,0.0,0.1968,False,False
HAR,normal,0.99,TRV,1507,34,0.0226,0.010000000000000009,0.0,0.0001,0.7951,False,False
HAR,normal,0.99,TSLA,1507,31,0.0206,0.010000000000000009,0.0003,0.0014,0.6684,False,False
HAR,normal,0.99,UNH,1507,36,0.0239,0.010000000000000009,0.0,0.0,0.062,False,False
HAR,normal,0.99,V,1507,31,0.0206,0.010000000000000009,0.0003,0.0014,0.6684,False,False
HAR,normal,0.99,VZ,1507,42,0.0279,0.010000000000000009,0.0,0.0,0.1422,False,False
HAR,normal,0.99,WMT,1507,17,0.0113,0.010000000000000009,0.6244,0.367,0.184,True,True
HAR,normal,0.99,XOM,1507,38,0.0252,0.010000000000000009,0.0,0.0,0.0836,False,False
HAR,t,0.95,AAPL,1507,64,0.0425,0.050000000000000044,0.1689,0.3823,0.8612,True,True
HAR,t,0.95,ADBE,1507,88,0.0584,0.050000000000000044,0.1448,0.3198,0.6946,True,True
HAR,t,0.95,AMD,1507,84,0.0557,0.050000000000000044,0.315,0.411,0.3806,True,True
HAR,t,0.95,AMGN,1507,71,0.0471,0.050000000000000044,0.6038,0.8179,0.7157,True,True
HAR,t,0.95,AMZN,1507,61,0.0405,0.050000000000000044,0.0798,0.2047,0.7474,True,True
HAR,t,0.95,AXP,1507,91,0.0604,0.050000000000000044,0.0728,0.0677,0.1411,True,True
HAR,t,0.95,BA,1507,80,0.0531,0.050000000000000044,0.5862,0.0111,0.0032,True,False
HAR,t,0.95,CAT,1507,80,0.0531,0.050000000000000044,0.5862,0.1915,0.0828,True,True
HAR,t,0.95,CRM,1507,102,0.0677,0.050000000000000044,0.0027,0.0055,0.2327,False,False
HAR,t,0.95,CSCO,1507,81,0.0537,0.050000000000000044,0.5092,0.7572,0.7285,True,True
HAR,t,0.95,CVX,1507,95,0.063,0.050000000000000044,0.0253,0.0384,0.2179,False,False
HAR,t,0.95,DIS,1507,90,0.0597,0.050000000000000044,0.0925,0.0008,0.0007,True,False
HAR,t,0.95,GE,1507,81,0.0537,0.050000000000000044,0.5092,0.0908,0.0367,True,True
HAR,t,0.95,GOOGL,1507,82,0.0544,0.050000000000000044,0.4381,0.5483,0.4384,True,True
HAR,t,0.95,GS,1507,71,0.0471,0.050000000000000044,0.6038,0.3357,0.1665,True,True
HAR,t,0.95,HD,1507,86,0.0571,0.050000000000000044,0.2179,0.2901,0.328,True,True
HAR,t,0.95,HON,1507,85,0.0564,0.050000000000000044,0.2633,0.0987,0.066,True,True
HAR,t,0.95,IBM,1507,71,0.0471,0.050000000000000044,0.6038,0.8093,0.6948,True,True
HAR,t,0.95,JNJ,1507,77,0.0511,0.050000000000000044,0.8459,0.9807,0.9733,True,True
HAR,t,0.95,JPM,1507,80,0.0531,0.050000000000000044,0.5862,0.0302,0.0096,True,False
HAR,t,0.95,KO,1507,82,0.0544,0.050000000000000044,0.4381,0.2896,0.1707,True,True
HAR,t,0.95,MCD,1507,63,0.0418,0.050000000000000044,0.1335,0.2964,0.6706,True,True
HAR,t,0.95,MMM,1507,82,0.0544,0.050000000000000044,0.4381,0.3681,0.2371,True,True
HAR,t,0.95,MRK,1507,81,0.0537,0.050000000000000044,0.5092,0.7909,0.8549,True,True
HAR,t,0.95,MSFT,1507,91,0.0604,0.050000000000000044,0.0728,0.1949,0.8185,True,True
HAR,t,0.95,NFLX,1507,69,0.0458,0.050000000000000044,0.4467,0.4511,0.3141,True,True
HAR,t,0.95,NKE,1507,104,0.069,0.050000000000000044,0.0013,0.0058,0.9417,False,False
HAR,t,0.95,NVDA,1507,78,0.0518,0.050000000000000044,0.7554,0.9524,0.9833,True,True
HAR,t,0.95,ORCL,1507,100,0.0664,0.050000000000000044,0.0054,0.0088,0.1893,False,False
HAR,t,0.95,PG,1507,86,0.0571,0.050000000000000044,0.2179,0.2901,0.328,True,True
HAR,t,0.95,PM,1507,86,0.0571,0.050000000000000044,0.2179,0.4676,0.9661,True,True
HAR,t,0.95,SHW,1507,78,0.0518,0.050000000000000044,0.7554,0.9524,0.9833,True,True
HAR,t,0.95,TRV,1507,86,0.0571,0.050000000000000044,0.2179,0.4676,0.9661,True,True
HAR,t,0.95,TSLA,1507,93,0.0617,0.050000000000000044,0.0438,0.0217,0.058,False,False
HAR,t,0.95,UNH,1507,80,0.0531,0.050000000000000044,0.5862,0.1915,0.0828,True,True
HAR,t,0.95,V,1507,72,0.0478,0.050000000000000044,0.6901,0.6538,0.4059,True,True
HAR,t,0.95,VZ,1507,104,0.069,0.050000000000000044,0.0013,0.0045,0.4809,False,False
HAR,t,0.95,WMT,1507,68,0.0451,0.050000000000000044,0.3774,0.3839,0.2866,True,True
HAR,t,0.95,XOM,1507,88,0.0584,0.050000000000000044,0.1448,0.1582,0.2115,True,True
HAR,t,0.99,AAPL,1507,15,0.01,0.010000000000000009,0.9855,0.3327,0.1379,True,True
HAR,t,0.99,ADBE,1507,42,0.0279,0.010000000000000009,0.0,0.0,0.8675,False,False
HAR,t,0.99,AMD,1507,27,0.0179,0.010000000000000009,0.0054,0.0169,0.5073,False,False
HAR,t,0.99,AMGN,1507,28,0.0186,0.010000000000000009,0.0028,0.0067,0.303,False,False
HAR,t,0.99,AMZN,1507,19,0.0126,0.010000000000000009,0.3281,0.4863,0.4859,True,True
HAR,t,0.99,AXP,1507,34,0.0226,0.010000000000000009,0.0,0.0001,0.227,False,False
HAR,t,0.99,BA,1507,37,0.0246,0.010000000000000009,0.0,0.0,0.0126,False,False
HAR,t,0.99,CAT,1507,25,0.0166,0.010000000000000009,0.0189,0.0466,0.4321,False,False
HAR,t,0.99,CRM,1507,39,0.0259,0.010000000000000009,0.0,0.0,0.9919,False,False
HAR,t,0.99,CSCO,1507,26,0.0173,0.010000000000000009,0.0103,0.0012,0.009,False,False
HAR,t,0.99,CVX,1507,35,0.0232,0.010000000000000009,0.0,0.0,0.2524,False,False
HAR,t,0.99,DIS,1507,36,0.0239,0.010000000000000009,0.0,0.0,0.062,False,False
HAR,t,0.99,GE,1507,31,0.0206,0.010000000000000009,0.0003,0.0006,0.1603,False,False
HAR,t,0.99,GOOGL,1507,32,0.0212,0.010000000000000009,0.0001,0.0003,0.2385,False,False
HAR,t,0.99,GS,1507,22,0.0146,0.010000000000000009,0.0932,0.1514,0.3281,True,True
HAR,t,0.99,HD,1507,31,0.0206,0.010000000000000009,0.0003,0.0014,0.6684,False,False
HAR,t,0.99,HON,1507,28,0.0186,0.010000000000000009,0.0028,0.0095,0.5464,False,False
HAR,t,0.99,IBM,1507,25,0.0166,0.010000000000000009,0.0189,0.0416,0.3582,False,False
HAR,t,0.99,JNJ,1507,30,0.0199,0.010000000000000009,0.0007,0.0016,0.2694,False,False
HAR,t,0.99,JPM,1507,26,0.0173,0.010000000000000009,0.0103,0.0287,0.4692,False,False
HAR,t,0.99,KO,1507,27,0.0179,0.010000000000000009,0.0054,0.0128,0.3208,False,False
HAR,t,0.99,MCD,1507,26,0.0173,0.010000000000000009,0.0103,0.0236,0.3392,False,False
HAR,t,0.99,MMM,1507,25,0.0166,0.010000000000000009,0.0189,0.0466,0.4321,False,False
HAR,t,0.99,MRK,1507,33,0.0219,0.010000000000000009,0.0001,0.0003,0.7525,False,False
HAR,t,0.99,MSFT,1507,28,0.0186,0.010000000000000009,0.0028,0.0067,0.303,False,False
HAR,t,0.99,NFLX,1507,21,0.0139,0.010000000000000009,0.1473,0.2028,0.2962,True,True
HAR,t,0.99,NKE,1507,35,0.0232,0.010000000000000009,0.0,0.0,0.1968,False,False
HAR,t,0.99,NVDA,1507,13,0.0086,0.010000000000000009,0.5831,0.7681,0.6342,True,True
HAR,t,0.99,ORCL,1507,43,0.0285,0.010000000000000009,0.0,0.0,0.1604,False,False
HAR,t,0.99,PG,1507,28,0.0186,0.010000000000000009,0.0028,0.0031,0.1076,False,False
HAR,t,0.99,PM,1507,31,0.0206,0.010000000000000009,0.0003,0.0008,0.2536,False,False
HAR,t,0.99,SHW,1507,33,0.0219,0.010000000000000009,0.0001,0.0002,0.224,False,False
HAR,t,0.99,TRV,1507,29,0.0192,0.010000000000000009,0.0014,0.0034,0.2859,False,False
HAR,t,0.99,TSLA,1507,29,0.0192,0.010000000000000009,0.0014,0.0052,0.5864,False,False
HAR,t,0.99,UNH,1507,36,0.0239,0.010000000000000009,0.0,0.0,0.062,False,False
HAR,t,0.99,V,1507,30,0.0199,0.010000000000000009,0.0007,0.0027,0.6271,False,False
HAR,t,0.99,VZ,1507,40,0.0265,0.010000000000000009,0.0,0.0,0.1102,False,False
HAR,t,0.99,WMT,1507,15,0.01,0.010000000000000009,0.9855,0.3327,0.1379,True,True
HAR,t,0.99,XOM,1507,34,0.0226,0.010000000000000009,0.0,0.0,0.0449,False,False
GARCH,normal,0.95,AAPL,1507,39,0.0259,0.050000000000000044,0.0,0.0,0.9919,False,False
GARCH,normal,0.95,ADBE,1507,70,0.0464,0.050000000000000044,0.5224,0.2578,0.1292,True,True
GARCH,normal,0.95,AMD,1507,40,0.0265,0.050000000000000044,0.0,0.0,0.9499,False,False
GARCH,normal,0.95,AMGN,1507,54,0.0358,0.050000000000000044,0.008,0.0221,0.4443,False,False
GARCH,normal,0.95,AMZN,1507,40,0.0265,0.050000000000000044,0.0,0.0,0.9499,False,False
GARCH,normal,0.95,AXP,1507,56,0.0372,0.050000000000000044,0.0168,0.0267,0.2164,False,False
GARCH,normal,0.95,BA,1507,62,0.0411,0.050000000000000044,0.104,0.0403,0.0519,True,False
GARCH,normal,0.95,CAT,1507,46,0.0305,0.050000000000000044,0.0002,0.0009,0.7109,False,False
GARCH,normal,0.95,CRM,1507,59,0.0392,0.050000000000000044,0.0449,0.1208,0.6511,False,True
GARCH,normal,0.95,CSCO,1507,45,0.0299,0.050000000000000044,0.0001,0.0005,0.5855,False,False
GARCH,normal,0.95,CVX,1507,62,0.0411,0.050000000000000044,0.104,0.2487,0.7085,True,True
GARCH,normal,0.95,DIS,1507,60,0.0398,0.050000000000000044,0.0603,0.1043,0.3192,True,True
GARCH,normal,0.95,GE,1507,53,0.0352,0.050000000000000044,0.0054,0.0028,0.0458,False,False
GARCH,normal,0.95,GOOGL,1507,66,0.0438,0.050000000000000044,0.2593,0.4477,0.5629,True,True
GARCH,normal,0.95,GS,1507,47,0.0312,0.050000000000000044,0.0003,0.0008,0.2483,False,False
GARCH,normal,0.95,HD,1507,71,0.0471,0.050000000000000044,0.6038,0.2576,0.118,True,True
GARCH,normal,0.95,HON,1507,60,0.0398,0.050000000000000044,0.0603,0.1584,0.692,True,True
GARCH,normal,0.95,IBM,1507,38,0.0252,0.050000000000000044,0.0,0.0,0.1607,False,False
GARCH,normal,0.95,JNJ,1507,73,0.0484,0.050000000000000044,0.7801,0.9172,0.7579,True,True
GARCH,normal,0.95,JPM,1507,55,0.0365,0.050000000000000044,0.0117,0.0416,0.995,False,False
GARCH,normal,0.95,KO,1507,62,0.0411,0.050000000000000044,0.104,0.1814,0.3798,True,True
GARCH,normal,0.95,MCD,1507,54,0.0358,0.050000000000000044,0.008,0.004,0.045,False,False
GARCH,normal,0.95,MMM,1507,44,0.0292,0.050000000000000044,0.0001,0.0001,0.18,False,False
GARCH,normal,0.95,MRK,1507,67,0.0445,0.050000000000000044,0.3149,0.2332,0.1679,True,True
GARCH,normal,0.95,MSFT,1507,55,0.0365,0.050000000000000044,0.0117,0.0299,0.4161,False,False
GARCH,normal,0.95,NFLX,1507,37,0.0246,0.050000000000000044,0.0,0.0,0.3079,False,False
GARCH,normal,0.95,NKE,1507,57,0.0378,0.050000000000000044,0.0237,0.0512,0.3633,False,True
GARCH,normal,0.95,NVDA,1507,45,0.0299,0.050000000000000044,0.0001,0.0005,0.7488,False,False
GARCH,normal,0.95,ORCL,1507,63,0.0418,0.050000000000000044,0.1335,0.2964,0.6706,True,True
GARCH,normal,0.95,PG,1507,73,0.0484,0.050000000000000044,0.7801,0.9315,0.8002,True,True
GARCH,normal,0.95,PM,1507,66,0.0438,0.050000000000000044,0.2593,0.4477,0.5629,True,True
GARCH,normal,0.95,SHW,1507,59,0.0392,0.050000000000000044,0.0449,0.1208,0.6511,False,True
GARCH,normal,0.95,TRV,1507,73,0.0484,0.050000000000000044,0.7801,0.9315,0.8002,True,True
GARCH,normal,0.95,TSLA,1507,44,0.0292,0.050000000000000044,0.0001,0.0003,0.7876,False,False
GARCH,normal,0.95,UNH,1507,65,0.0431,0.050000000000000044,0.2107,0.2105,0.2132,True,True
GARCH,normal,0.95,V,1507,58,0.0385,0.050000000000000044,0.0329,0.1013,0.8686,False,True
GARCH,normal,0.95,VZ,1507,77,0.0511,0.050000000000000044,0.8459,0.9807,0.9733,True,True
GARCH,normal,0.95,WMT,1507,37,0.0246,0.050000000000000044,0.0,0.0,0.0722,False,False
GARCH,normal,0.95,XOM,1507,57,0.0378,0.050000000000000044,0.0237,0.0769,0.9103,False,True
GARCH,normal,0.99,AAPL,1507,7,0.0046,0.010000000000000009,0.0196,0.0635,0.7982,False,True
GARCH,normal,0.99,ADBE,1507,27,0.0179,0.010000000000000009,0.0054,0.0128,0.3208,False,False
GARCH,normal,0.99,AMD,1507,11,0.0073,0.010000000000000009,0.2683,0.4998,0.6874,True,True
GARCH,normal,0.99,AMGN,1507,23,0.0153,0.010000000000000009,0.0567,0.114,0.3983,True,True
GARCH,normal,0.99,AMZN,1507,11,0.0073,0.010000000000000009,0.2683,0.4998,0.6874,True,True
GARCH,normal,0.99,AXP,1507,18,0.0119,0.010000000000000009,0.4617,0.3472,0.2096,True,True
GARCH,normal,0.99,BA,1507,25,0.0166,0.010000000000000009,0.0189,0.012,0.068,False,False
GARCH,normal,0.99,CAT,1507,14,0.0093,0.010000000000000009,0.7792,0.8431,0.6082,True,True
GARCH,normal,0.99,CRM,1507,23,0.0153,0.010000000000000009,0.0567,0.114,0.3983,True,True
GARCH,normal,0.99,CSCO,1507,17,0.0113,0.010000000000000009,0.6244,0.7305,0.5333,True,True
GARCH,normal,0.99,CVX,1507,22,0.0146,0.010000000000000009,0.0932,0.1514,0.3281,True,True
GARCH,normal,0.99,DIS,1507,20,0.0133,0.010000000000000009,0.2242,0.2572,0.2658,True,True
GARCH,normal,0.99,GE,1507,17,0.0113,0.010000000000000009,0.6244,0.367,0.184,True,True
GARCH,normal,0.99,GOOGL,1507,30,0.0199,0.010000000000000009,0.0007,0.0016,0.2694,False,False
GARCH,normal,0.99,GS,1507,19,0.0126,0.010000000000000009,0.3281,0.4863,0.4859,True,True
GARCH,normal,0.99,HD,1507,27,0.0179,0.010000000000000009,0.0054,0.0169,0.5073,False,False
GARCH,normal,0.99,HON,1507,28,0.0186,0.010000000000000009,0.0028,0.0031,0.1076,False,False
GARCH,normal,0.99,IBM,1507,19,0.0126,0.010000000000000009,0.3281,0.4863,0.4859,True,True
GARCH,normal,0.99,JNJ,1507,27,0.0179,0.010000000000000009,0.0054,0.0169,0.5073,False,False
GARCH,normal,0.99,JPM,1507,17,0.0113,0.010000000000000009,0.6244,0.367,0.184,True,True
GARCH,normal,0.99,KO,1507,24,0.0159,0.010000000000000009,0.0333,0.0724,0.3961,False,True
GARCH,normal,0.99,MCD,1507,20,0.0133,0.010000000000000009,0.2242,0.365,0.4631,True,True
GARCH,normal,0.99,MMM,1507,20,0.0133,0.010000000000000009,0.2242,0.2572,0.2658,True,True
GARCH,normal,0.99,MRK,1507,31,0.0206,0.010000000000000009,0.0003,0.0014,0.6684,False,False
GARCH,normal,0.99,MSFT,1507,19,0.0126,0.010000000000000009,0.3281,0.4863,0.4859,True,True
GARCH,normal,0.99,NFLX,1507,17,0.0113,0.010000000000000009,0.6244,0.367,0.184,True,True
GARCH,normal,0.99,NKE,1507,20,0.0133,0.010000000000000009,0.2242,0.365,0.4631,True,True
GARCH,normal,0.99,NVDA,1507,9,0.006,0.010000000000000009,0.0894,0.2238,0.7422,True,True
GARCH,normal,0.99,ORCL,1507,33,0.0219,0.010000000000000009,0.0001,0.0002,0.224,False,False
GARCH,normal,0.99,PG,1507,28,0.0186,0.010000000000000009,0.0028,0.0067,0.303,False,False
GARCH,normal,0.99,PM,1507,23,0.0153,0.010000000000000009,0.0567,0.114,0.3983,True,True
GARCH,normal,0.99,SHW,1507,26,0.0173,0.010000000000000009,0.0103,0.0287,0.4692,False,False
GARCH,normal,0.99,TRV,1507,27,0.0179,0.010000000000000009,0.0054,0.0128,0.3208,False,False
GARCH,normal,0.99,TSLA,1507,17,0.0113,0.010000000000000009,0.6244,0.7305,0.5333,True,True
GARCH,normal,0.99,UNH,1507,27,0.0179,0.010000000000000009,0.0054,0.0169,0.5073,False,False
GARCH,normal,0.99,V,1507,25,0.0166,0.010000000000000009,0.0189,0.0416,0.3582,False,False
GARCH,normal,0.99,VZ,1507,34,0.0226,0.010000000000000009,0.0,0.0001,0.2101,False,False
GARCH,normal,0.99,WMT,1507,11,0.0073,0.010000000000000009,0.2683,0.4998,0.6874,True,True
GARCH,normal,0.99,XOM,1507,17,0.0113,0.010000000000000009,0.6244,0.367,0.184,True,True
GARCH,t,0.95,AAPL,1507,39,0.0259,0.050000000000000044,0.0,0.0,0.9919,False,False
GARCH,t,0.95,ADBE,1507,70,0.0464,0.050000000000000044,0.5224,0.2578,0.1292,True,True
GARCH,t,0.95,AMD,1507,41,0.0272,0.050000000000000044,0.0,0.0001,0.9084,False,False
GARCH,t,0.95,AMGN,1507,54,0.0358,0.050000000000000044,0.008,0.0221,0.4443,False,False
GARCH,t,0.95,AMZN,1507,38,0.0252,0.050000000000000044,0.0,0.0,0.1607,False,False
GARCH,t,0.95,AXP,1507,56,0.0372,0.050000000000000044,0.0168,0.0267,0.2164,False,False
GARCH,t,0.95,BA,1507,62,0.0411,0.050000000000000044,0.104,0.0403,0.0519,True,False
GARCH,t,0.95,CAT,1507,46,0.0305,0.050000000000000044,0.0002,0.0009,0.7109,False,False
GARCH,t,0.95,CRM,1507,59,0.0392,0.050000000000000044,0.0449,0.1208,0.6511,False,True
GARCH,t,0.95,CSCO,1507,45,0.0299,0.050000000000000044,0.0001,0.0005,0.5855,False,False
GARCH,t,0.95,CVX,1507,62,0.0411,0.050000000000000044,0.104,0.2487,0.7085,True,True
GARCH,t,0.95,DIS,1507,60,0.0398,0.050000000000000044,0.0603,0.1043,0.3192,True,True
GARCH,t,0.95,GE,1507,53,0.0352,0.050000000000000044,0.0054,0.0028,0.0458,False,False
GARCH,t,0.95,GOOGL,1507,66,0.0438,0.050000000000000044,0.2593,0.4477,0.5629,True,True
GARCH,t,0.95,GS,1507,47,0.0312,0.050000000000000044,0.0003,0.0008,0.2483,False,False
GARCH,t,0.95,HD,1507,71,0.0471,0.050000000000000044,0.6038,0.2576,0.118,True,True
GARCH,t,0.95,HON,1507,61,0.0405,0.050000000000000044,0.0798,0.2035,0.7336,True,True
GARCH,t,0.95,IBM,1507,38,0.0252,0.050000000000000044,0.0,0.0,0.1607,False,False
GARCH,t,0.95,JNJ,1507,72,0.0478,0.050000000000000044,0.6901,0.8939,0.7984,True,True
GARCH,t,0.95,JPM,1507,55,0.0365,0.050000000000000044,0.0117,0.0416,0.995,False,False
GARCH,t,0.95,KO,1507,63,0.0418,0.050000000000000044,0.1335,0.2318,0.4122,True,True
GARCH,t,0.95,MCD,1507,54,0.0358,0.050000000000000044,0.008,0.004,0.045,False,False
GARCH,t,0.95,MMM,1507,45,0.0299,0.050000000000000044,0.0001,0.0003,0.2012,False,False
GARCH,t,0.95,MRK,1507,64,0.0425,0.050000000000000044,0.1689,0.1801,0.2152,True,True
GARCH,t,0.95,MSFT,1507,55,0.0365,0.050000000000000044,0.0117,0.0299,0.4161,False,False
GARCH,t,0.95,NFLX,1507,37,0.0246,0.050000000000000044,0.0,0.0,0.3079,False,False
GARCH,t,0.95,NKE,1507,58,0.0385,0.050000000000000044,0.0329,0.1013,0.8686,False,True
GARCH,t,0.95,NVDA,1507,47,0.0312,0.050000000000000044,0.0003,0.0015,0.6739,False,False
GARCH,t,0.95,ORCL,1507,63,0.0418,0.050000000000000044,0.1335,0.2964,0.6706,True,True
GARCH,t,0.95,PG,1507,73,0.0484,0.050000000000000044,0.7801,0.9315,0.8002,True,True
GARCH,t,0.95,PM,1507,66,0.0438,0.050000000000000044,0.2593,0.4477,0.5629,True,True
GARCH,t,0.95,SHW,1507,59,0.0392,0.050000000000000044,0.0449,0.1208,0.6511,False,True
GARCH,t,0.95,TRV,1507,74,0.0491,0.050000000000000044,0.8729,0.9682,0.8432,True,True
GARCH,t,0.95,TSLA,1507,44,0.0292,0.050000000000000044,0.0001,0.0003,0.7876,False,False
GARCH,t,0.95,UNH,1507,65,0.0431,0.050000000000000044,0.2107,0.2105,0.2132,True,True
GARCH,t,0.95,V,1507,58,0.0385,0.050000000000000044,0.0329,0.1013,0.8686,False,True
GARCH,t,0.95,VZ,1507,77,0.0511,0.050000000000000044,0.8459,0.9807,0.9733,True,True
GARCH,t,0.95,WMT,1507,39,0.0259,0.050000000000000044,0.0,0.0,0.0962,False,False
GARCH,t,0.95,XOM,1507,55,0.0365,0.050000000000000044,0.0117,0.0416,0.995,False,False
GARCH,t,0.99,AAPL,1507,6,0.004,0.010000000000000009,0.0075,0.0274,0.8266,False,False
GARCH,t,0.99,ADBE,1507,24,0.0159,0.010000000000000009,0.0333,0.0704,0.3779,False,True
GARCH,t,0.99,AMD,1507,10,0.0066,0.010000000000000009,0.1621,0.352,0.7146,True,True
GARCH,t,0.99,AMGN,1507,21,0.0139,0.010000000000000009,0.1473,0.26,0.4409,True,True
GARCH,t,0.99,AMZN,1507,10,0.0066,0.010000000000000009,0.1621,0.352,0.7146,True,True
GARCH,t,0.99,AXP,1507,16,0.0106,0.010000000000000009,0.8116,0.3624,0.1601,True,True
GARCH,t,0.99,BA,1507,23,0.0153,0.010000000000000009,0.0567,0.0231,0.0481,True,False
GARCH,t,0.99,CAT,1507,13,0.0086,0.010000000000000009,0.5831,0.7681,0.6342,True,True
GARCH,t,0.99,CRM,1507,23,0.0153,0.010000000000000009,0.0567,0.114,0.3983,True,True
GARCH,t,0.99,CSCO,1507,16,0.0106,0.010000000000000009,0.8116,0.8185,0.5577,True,True
GARCH,t,0.99,CVX,1507,22,0.0146,0.010000000000000009,0.0932,0.1514,0.3281,True,True
GARCH,t,0.99,DIS,1507,18,0.0119,0.010000000000000009,0.4617,0.3472,0.2096,True,True
GARCH,t,0.99,GE,1507,16,0.0106,0.010000000000000009,0.8116,0.3624,0.1601,True,True
GARCH,t,0.99,GOOGL,1507,27,0.0179,0.010000000000000009,0.0054,0.0128,0.3208,False,False
GARCH,t,0.99,GS,1507,19,0.0126,0.010000000000000009,0.3281,0.4863,0.4859,True,True
GARCH,t,0.99,HD,1507,26,0.0173,0.010000000000000009,0.0103,0.0287,0.4692,False,False
GARCH,t,0.99,HON,1507,25,0.0166,0.010000000000000009,0.0189,0.0466,0.4321,False,False
GARCH,t,0.99,IBM,1507,18,0.0119,0.010000000000000009,0.4617,0.6135,0.5093,True,True
GARCH,t,0.99,JNJ,1507,26,0.0173,0.010000000000000009,0.0103,0.0287,0.4692,False,False
GARCH,t,0.99,JPM,1507,15,0.01,0.010000000000000009,0.9855,0.3327,0.1379,True,True
GARCH,t,0.99,KO,1507,22,0.0146,0.010000000000000009,0.0932,0.1514,0.3281,True,True
GARCH,t,0.99,MCD,1507,15,0.01,0.010000000000000009,0.9855,0.8598,0.5827,True,True
GARCH,t,0.99,MMM,1507,18,0.0119,0.010000000000000009,0.4617,0.3472,0.2096,True,True
GARCH,t,0.99,MRK,1507,28,0.0186,0.010000000000000009,0.0028,0.0095,0.5464,False,False
GARCH,t,0.99,MSFT,1507,16,0.0106,0.010000000000000009,0.8116,0.8185,0.5577,True,True
GARCH,t,0.99,NFLX,1507,14,0.0093,0.010000000000000009,0.7792,0.2824,0.1175,True,True
GARCH,t,0.99,NKE,1507,19,0.0126,0.010000000000000009,0.3281,0.4863,0.4859,True,True
GARCH,t,0.99,NVDA,1507,7,0.0046,0.010000000000000009,0.0196,0.0635,0.7982,False,True
GARCH,t,0.99,ORCL,1507,30,0.0199,0.010000000000000009,0.0007,0.0016,0.2694,False,False
GARCH,t,0.99,PG,1507,28,0.0186,0.010000000000000009,0.0028,0.0067,0.303,False,False
GARCH,t,0.99,PM,1507,22,0.0146,0.010000000000000009,0.0932,0.1763,0.4193,True,True
GARCH,t,0.99,SHW,1507,26,0.0173,0.010000000000000009,0.0103,0.0287,0.4692,False,False
GARCH,t,0.99,TRV,1507,22,0.0146,0.010000000000000009,0.0932,0.1763,0.4193,True,True
GARCH,t,0.99,TSLA,1507,13,0.0086,0.010000000000000009,0.5831,0.7681,0.6342,True,True
GARCH,t,0.99,UNH,1507,26,0.0173,0.010000000000000009,0.0103,0.0236,0.3392,False,False
GARCH,t,0.99,V,1507,21,0.0139,0.010000000000000009,0.1473,0.26,0.4409,True,True
GARCH,t,0.99,VZ,1507,31,0.0206,0.010000000000000009,0.0003,0.0008,0.2536,False,False
GARCH,t,0.99,WMT,1507,11,0.0073,0.010000000000000009,0.2683,0.4998,0.6874,True,True
GARCH,t,0.99,XOM,1507,15,0.01,0.010000000000000009,0.9855,0.3327,0.1379,True,True
EGARCH,normal,0.95,AAPL,1507,42,0.0279,0.050000000000000044,0.0,0.0001,0.8675,False,False
EGARCH,normal,0.95,ADBE,1507,67,0.0445,0.050000000000000044,0.3149,0.2332,0.1679,True,True
EGARCH,normal,0.95,AMD,1507,38,0.0252,0.050000000000000044,0.0,0.0,0.9658,False,False
EGARCH,normal,0.95,AMGN,1507,53,0.0352,0.050000000000000044,0.0054,0.016,0.4737,False,False
EGARCH,normal,0.95,AMZN,1507,41,0.0272,0.050000000000000044,0.0,0.0,0.1298,False,False
EGARCH,normal,0.95,AXP,1507,58,0.0385,0.050000000000000044,0.0329,0.0252,0.0937,False,False
EGARCH,normal,0.95,BA,1507,58,0.0385,0.050000000000000044,0.0329,0.0252,0.0937,False,False
EGARCH,normal,0.95,CAT,1507,47,0.0312,0.050000000000000044,0.0003,0.0015,0.6739,False,False
EGARCH,normal,0.95,CRM,1507,62,0.0411,0.050000000000000044,0.104,0.1814,0.3798,True,True
EGARCH,normal,0.95,CSCO,1507,46,0.0305,0.050000000000000044,0.0002,0.0005,0.224,False,False
EGARCH,normal,0.95,CVX,1507,60,0.0398,0.050000000000000044,0.0603,0.1584,0.692,True,True
EGARCH,normal,0.95,DIS,1507,58,0.0385,0.050000000000000044,0.0329,0.0027,0.0068,False,False
EGARCH,normal,0.95,GE,1507,54,0.0358,0.050000000000000044,0.008,0.0046,0.0533,False,False
EGARCH,normal,0.95,GOOGL,1507,63,0.0418,0.050000000000000044,0.1335,0.2964,0.6706,True,True
EGARCH,normal,0.95,GS,1507,42,0.0279,0.050000000000000044,0.0,0.0001,0.4721,False,False
EGARCH,normal,0.95,HD,1507,69,0.0458,0.050000000000000044,0.4467,0.2537,0.1412,True,True
EGARCH,normal,0.95,HON,1507,61,0.0405,0.050000000000000044,0.0798,0.2035,0.7336,True,True
EGARCH,normal,0.95,IBM,1507,37,0.0246,0.050000000000000044,0.0,0.0,0.1722,False,False
EGARCH,normal,0.95,JNJ,1507,68,0.0451,0.050000000000000044,0.3774,0.3839,0.2866,True,True
EGARCH,normal,0.95,JPM,1507,57,0.0378,0.050000000000000044,0.0237,0.0649,0.5525,False,True
EGARCH,normal,0.95,KO,1507,63,0.0418,0.050000000000000044,0.1335,0.0197,0.0179,True,False
EGARCH,normal,0.95,MCD,1507,50,0.0332,0.050000000000000044,0.0015,0.0054,0.5688,False,False
EGARCH,normal,0.95,MMM,1507,45,0.0299,0.050000000000000044,0.0001,0.0003,0.2012,False,False
EGARCH,normal,0.95,MRK,1507,72,0.0478,0.050000000000000044,0.6901,0.8939,0.7984,True,True
EGARCH,normal,0.95,MSFT,1507,54,0.0358,0.050000000000000044,0.008,0.0221,0.4443,False,False
EGARCH,normal,0.95,NFLX,1507,39,0.0259,0.050000000000000044,0.0,0.0,0.3694,False,False
EGARCH,normal,0.95,NKE,1507,50,0.0332,0.050000000000000044,0.0015,0.0054,0.5688,False,False
EGARCH,normal,0.95,NVDA,1507,38,0.0252,0.050000000000000044,0.0,0.0,0.1607,False,False
EGARCH,normal,0.95,ORCL,1507,69,0.0458,0.050000000000000044,0.4467,0.7452,0.9236,True,True
EGARCH,normal,0.95,PG,1507,72,0.0478,0.050000000000000044,0.6901,0.8939,0.7984,True,True
EGARCH,normal,0.95,PM,1507,49,0.0325,0.050000000000000044,0.0009,0.0039,0.7488,False,False
EGARCH,normal,0.95,SHW,1507,61,0.0405,0.050000000000000044,0.0798,0.139,0.3488,True,True
EGARCH,normal,0.95,TRV,1507,62,0.0411,0.050000000000000044,0.104,0.1814,0.3798,True,True
EGARCH,normal,0.95,TSLA,1507,42,0.0279,0.050000000000000044,0.0,0.0001,0.8675,False,False
EGARCH,normal,0.95,UNH,1507,62,0.0411,0.050000000000000044,0.104,0.1814,0.3798,True,True
EGARCH,normal,0.95,V,1507,60,0.0398,0.050000000000000044,0.0603,0.0986,0.293,True,True
EGARCH,normal,0.95,VZ,1507,83,0.0551,0.050000000000000044,0.3733,0.6584,0.8354,True,True
EGARCH,normal,0.95,WMT,1507,36,0.0239,0.050000000000000044,0.0,0.0,0.2794,False,False
EGARCH,normal,0.95,XOM,1507,60,0.0398,0.050000000000000044,0.0603,0.1584,0.692,True,True
EGARCH,normal,0.99,AAPL,1507,13,0.0086,0.010000000000000009,0.5831,0.7681,0.6342,True,True
EGARCH,normal,0.99,ADBE,1507,27,0.0179,0.010000000000000009,0.0054,0.0128,0.3208,False,False
EGARCH,normal,0.99,AMD,1507,10,0.0066,0.010000000000000009,0.1621,0.352,0.7146,True,True
EGARCH,normal,0.99,AMGN,1507,23,0.0153,0.010000000000000009,0.0567,0.114,0.3983,True,True
EGARCH,normal,0.99,AMZN,1507,13,0.0086,0.010000000000000009,0.5831,0.7681,0.6342,True,True
EGARCH,normal,0.99,AXP,1507,23,0.0153,0.010000000000000009,0.0567,0.1074,0.3615,True,True
EGARCH,normal,0.99,BA,1507,27,0.0179,0.010000000000000009,0.0054,0.0051,0.093,False,False
EGARCH,normal,0.99,CAT,1507,14,0.0093,0.010000000000000009,0.7792,0.8431,0.6082,True,True
EGARCH,normal,0.99,CRM,1507,22,0.0146,0.010000000000000009,0.0932,0.1514,0.3281,True,True
EGARCH,normal,0.99,CSCO,1507,20,0.0133,0.010000000000000009,0.2242,0.2572,0.2658,True,True
EGARCH,normal,0.99,CVX,1507,22,0.0146,0.010000000000000009,0.0932,0.1514,0.3281,True,True
EGARCH,normal,0.99,DIS,1507,19,0.0126,0.010000000000000009,0.3281,0.308,0.2369,True,True
EGARCH,normal,0.99,GE,1507,19,0.0126,0.010000000000000009,0.3281,0.0436,0.0212,True,False
EGARCH,normal,0.99,GOOGL,1507,27,0.0179,0.010000000000000009,0.0054,0.0128,0.3208,False,False
EGARCH,normal,0.99,GS,1507,16,0.0106,0.010000000000000009,0.8116,0.8185,0.5577,True,True
EGARCH,normal,0.99,HD,1507,26,0.0173,0.010000000000000009,0.0103,0.0287,0.4692,False,False
EGARCH,normal,0.99,HON,1507,30,0.0199,0.010000000000000009,0.0007,0.0027,0.6271,False,False
EGARCH,normal,0.99,IBM,1507,19,0.0126,0.010000000000000009,0.3281,0.4863,0.4859,True,True
EGARCH,normal,0.99,JNJ,1507,26,0.0173,0.010000000000000009,0.0103,0.0287,0.4692,False,False
EGARCH,normal,0.99,JPM,1507,18,0.0119,0.010000000000000009,0.4617,0.3472,0.2096,True,True
EGARCH,normal,0.99,KO,1507,28,0.0186,0.010000000000000009,0.0028,0.0031,0.1076,False,False
EGARCH,normal,0.99,MCD,1507,25,0.0166,0.010000000000000009,0.0189,0.0466,0.4321,False,False
EGARCH,normal,0.99,MMM,1507,21,0.0139,0.010000000000000009,0.1473,0.2028,0.2962,True,True
EGARCH,normal,0.99,MRK,1507,27,0.0179,0.010000000000000009,0.0054,0.0128,0.3208,False,False
EGARCH,normal,0.99,MSFT,1507,18,0.0119,0.010000000000000009,0.4617,0.6135,0.5093,True,True
EGARCH,normal,0.99,NFLX,1507,16,0.0106,0.010000000000000009,0.8116,0.0351,0.01,True,False
EGARCH,normal,0.99,NKE,1507,19,0.0126,0.010000000000000009,0.3281,0.4863,0.4859,True,True
EGARCH,normal,0.99,NVDA,1507,8,0.0053,0.010000000000000009,0.0444,0.127,0.77,False,True
EGARCH,normal,0.99,ORCL,1507,32,0.0212,0.010000000000000009,0.0001,0.0003,0.2385,False,False
EGARCH,normal,0.99,PG,1507,30,0.0199,0.010000000000000009,0.0007,0.0027,0.6271,False,False
EGARCH,normal,0.99,PM,1507,25,0.0166,0.010000000000000009,0.0189,0.0466,0.4321,False,False
EGARCH,normal,0.99,SHW,1507,34,0.0226,0.010000000000000009,0.0,0.0001,0.227,False,False
EGARCH,normal,0.99,TRV,1507,24,0.0159,0.010000000000000009,0.0333,0.0724,0.3961,False,True
EGARCH,normal,0.99,TSLA,1507,17,0.0113,0.010000000000000009,0.6244,0.7305,0.5333,True,True
EGARCH,normal,0.99,UNH,1507,23,0.0153,0.010000000000000009,0.0567,0.114,0.3983,True,True
EGARCH,normal,0.99,V,1507,21,0.0139,0.010000000000000009,0.1473,0.26,0.4409,True,True
EGARCH,normal,0.99,VZ,1507,32,0.0212,0.010000000000000009,0.0001,0.0003,0.2385,False,False
EGARCH,normal,0.99,WMT,1507,9,0.006,0.010000000000000009,0.0894,0.0295,0.0414,True,False
EGARCH,normal,0.99,XOM,1507,18,0.0119,0.010000000000000009,0.4617,0.3472,0.2096,True,True
EGARCH,t,0.95,AAPL,1507,42,0.0279,0.050000000000000044,0.0,0.0001,0.8675,False,False
EGARCH,t,0.95,ADBE,1507,67,0.0445,0.050000000000000044,0.3149,0.2332,0.1679,True,True
EGARCH,t,0.95,AMD,1507,39,0.0259,0.050000000000000044,0.0,0.0,0.9919,False,False
EGARCH,t,0.95,AMGN,1507,56,0.0372,0.050000000000000044,0.0168,0.0572,0.9525,False,True
EGARCH,t,0.95,AMZN,1507,41,0.0272,0.050000000000000044,0.0,0.0,0.1298,False,False
EGARCH,t,0.95,AXP,1507,58,0.0385,0.050000000000000044,0.0329,0.0252,0.0937,False,False
EGARCH,t,0.95,BA,1507,57,0.0378,0.050000000000000044,0.0237,0.017,0.0819,False,False
EGARCH,t,0.95,CAT,1507,48,0.0319,0.050000000000000044,0.0006,0.0023,0.6378,False,False
EGARCH,t,0.95,CRM,1507,62,0.0411,0.050000000000000044,0.104,0.1814,0.3798,True,True
EGARCH,t,0.95,CSCO,1507,46,0.0305,0.050000000000000044,0.0002,0.0005,0.224,False,False
EGARCH,t,0.95,CVX,1507,60,0.0398,0.050000000000000044,0.0603,0.1584,0.692,True,True
EGARCH,t,0.95,DIS,1507,58,0.0385,0.050000000000000044,0.0329,0.0027,0.0068,False,False
EGARCH,t,0.95,GE,1507,54,0.0358,0.050000000000000044,0.008,0.0046,0.0533,False,False
EGARCH,t,0.95,GOOGL,1507,62,0.0411,0.050000000000000044,0.104,0.2487,0.7085,True,True
EGARCH,t,0.95,GS,1507,42,0.0279,0.050000000000000044,0.0,0.0001,0.4721,False,False
EGARCH,t,0.95,HD,1507,68,0.0451,0.050000000000000044,0.3774,0.2454,0.1541,True,True
EGARCH,t,0.95,HON,1507,63,0.0418,0.050000000000000044,0.1335,0.316,0.8183,True,True
EGARCH,t,0.95,IBM,1507,38,0.0252,0.050000000000000044,0.0,0.0,0.1607,False,False
EGARCH,t,0.95,JNJ,1507,65,0.0431,0.050000000000000044,0.2107,0.3566,0.4813,True,True
EGARCH,t,0.95,JPM,1507,58,0.0385,0.050000000000000044,0.0329,0.0889,0.5912,False,True
EGARCH,t,0.95,KO,1507,63,0.0418,0.050000000000000044,0.1335,0.0197,0.0179,True,False
EGARCH,t,0.95,MCD,1507,50,0.0332,0.050000000000000044,0.0015,0.0054,0.5688,False,False
EGARCH,t,0.95,MMM,1507,45,0.0299,0.050000000000000044,0.0001,0.0003,0.2012,False,False
EGARCH,t,0.95,MRK,1507,72,0.0478,0.050000000000000044,0.6901,0.8939,0.7984,True,True
EGARCH,t,0.95,MSFT,1507,54,0.0358,0.050000000000000044,0.008,0.0221,0.4443,False,False
EGARCH,t,0.95,NFLX,1507,41,0.0272,0.050000000000000044,0.0,0.0,0.4366,False,False
EGARCH,t,0.95,NKE,1507,50,0.0332,0.050000000000000044,0.0015,0.0054,0.5688,False,False
EGARCH,t,0.95,NVDA,1507,39,0.0259,0.050000000000000044,0.0,0.0,0.1498,False,False
EGARCH,t,0.95,ORCL,1507,69,0.0458,0.050000000000000044,0.4467,0.7452,0.9236,True,True
EGARCH,t,0.95,PG,1507,73,0.0484,0.050000000000000044,0.7801,0.9315,0.8002,True,True
EGARCH,t,0.95,PM,1507,50,0.0332,0.050000000000000044,0.0015,0.0061,0.7911,False,False
EGARCH,t,0.95,SHW,1507,61,0.0405,0.050000000000000044,0.0798,0.139,0.3488,True,True
EGARCH,t,0.95,TRV,1507,62,0.0411,0.050000000000000044,0.104,0.1814,0.3798,True,True
EGARCH,t,0.95,TSLA,1507,42,0.0279,0.050000000000000044,0.0,0.0001,0.8675,False,False
EGARCH,t,0.95,UNH,1507,62,0.0411,0.050000000000000044,0.104,0.1814,0.3798,True,True
EGARCH,t,0.95,V,1507,56,0.0372,0.050000000000000044,0.0168,0.0395,0.3891,False,False
EGARCH,t,0.95,VZ,1507,83,0.0551,0.050000000000000044,0.3733,0.6584,0.8354,True,True
EGARCH,t,0.95,WMT,1507,37,0.0246,0.050000000000000044,0.0,0.0,0.3079,False,False
EGARCH,t,0.95,XOM,1507,59,0.0392,0.050000000000000044,0.0449,0.1208,0.6511,False,True
EGARCH,t,0.99,AAPL,1507,9,0.006,0.010000000000000009,0.0894,0.2238,0.7422,True,True
EGARCH,t,0.99,ADBE,1507,25,0.0166,0.010000000000000009,0.0189,0.0416,0.3582,False,False
EGARCH,t,0.99,AMD,1507,9,0.006,0.010000000000000009,0.0894,0.2238,0.7422,True,True
EGARCH,t,0.99,AMGN,1507,23,0.0153,0.010000000000000009,0.0567,0.114,0.3983,True,True
EGARCH,t,0.99,AMZN,1507,12,0.008,0.010000000000000009,0.4099,0.6466,0.6606,True,True
EGARCH,t,0.99,AXP,1507,21,0.0139,0.010000000000000009,0.1473,0.2028,0.2962,True,True
EGARCH,t,0.99,BA,1507,25,0.0166,0.010000000000000009,0.0189,0.0466,0.4321,False,False
EGARCH,t,0.99,CAT,1507,13,0.0086,0.010000000000000009,0.5831,0.7681,0.6342,True,True
EGARCH,t,0.99,CRM,1507,21,0.0139,0.010000000000000009,0.1473,0.2028,0.2962,True,True
EGARCH,t,0.99,CSCO,1507,18,0.0119,0.010000000000000009,0.4617,0.3472,0.2096,True,True
EGARCH,t,0.99,CVX,1507,22,0.0146,0.010000000000000009,0.0932,0.1514,0.3281,True,True
EGARCH,t,0.99,DIS,1507,17,0.0113,0.010000000000000009,0.6244,0.367,0.184,True,True
EGARCH,t,0.99,GE,1507,17,0.0113,0.010000000000000009,0.6244,0.367,0.184,True,True
EGARCH,t,0.99,GOOGL,1507,23,0.0153,0.010000000000000009,0.0567,0.114,0.3983,True,True
EGARCH,t,0.99,GS,1507,16,0.0106,0.010000000000000009,0.8116,0.8185,0.5577,True,True
EGARCH,t,0.99,HD,1507,26,0.0173,0.010000000000000009,0.0103,0.0287,0.4692,False,False
EGARCH,t,0.99,HON,1507,25,0.0166,0.010000000000000009,0.0189,0.0466,0.4321,False,False
EGARCH,t,0.99,IBM,1507,17,0.0113,0.010000000000000009,0.6244,0.7305,0.5333,True,True
EGARCH,t,0.99,JNJ,1507,23,0.0153,0.010000000000000009,0.0567,0.1074,0.3615,True,True
EGARCH,t,0.99,JPM,1507,15,0.01,0.010000000000000009,0.9855,0.3327,0.1379,True,True
EGARCH,t,0.99,KO,1507,27,0.0179,0.010000000000000009,0.0054,0.0051,0.093,False,False
EGARCH,t,0.99,MCD,1507,20,0.0133,0.010000000000000009,0.2242,0.365,0.4631,True,True
EGARCH,t,0.99,MMM,1507,18,0.0119,0.010000000000000009,0.4617,0.3472,0.2096,True,True
EGARCH,t,0.99,MRK,1507,27,0.0179,0.010000000000000009,0.0054,0.0128,0.3208,False,False
EGARCH,t,0.99,MSFT,1507,17,0.0113,0.010000000000000009,0.6244,0.7305,0.5333,True,True
EGARCH,t,0.99,NFLX,1507,13,0.0086,0.010000000000000009,0.5831,0.0134,0.0039,True,False
EGARCH,t,0.99,NKE,1507,17,0.0113,0.010000000000000009,0.6244,0.7305,0.5333,True,True
EGARCH,t,0.99,NVDA,1507,8,0.0053,0.010000000000000009,0.0444,0.127,0.77,False,True
EGARCH,t,0.99,ORCL,1507,32,0.0212,0.010000000000000009,0.0001,0.0003,0.2385,False,False
EGARCH,t,0.99,PG,1507,29,0.0192,0.010000000000000009,0.0014,0.0052,0.5864,False,False
EGARCH,t,0.99,PM,1507,22,0.0146,0.010000000000000009,0.0932,0.1514,0.3281,True,True
EGARCH,t,0.99,SHW,1507,31,0.0206,0.010000000000000009,0.0003,0.0006,0.1603,False,False
EGARCH,t,0.99,TRV,1507,22,0.0146,0.010000000000000009,0.0932,0.1763,0.4193,True,True
EGARCH,t,0.99,TSLA,1507,13,0.0086,0.010000000000000009,0.5831,0.7681,0.6342,True,True
EGARCH,t,0.99,UNH,1507,22,0.0146,0.010000000000000009,0.0932,0.1763,0.4193,True,True
EGARCH,t,0.99,V,1507,21,0.0139,0.010000000000000009,0.1473,0.26,0.4409,True,True
EGARCH,t,0.99,VZ,1507,31,0.0206,0.010000000000000009,0.0003,0.0008,0.2536,False,False
EGARCH,t,0.99,WMT,1507,7,0.0046,0.010000000000000009,0.0196,0.0635,0.7982,False,True
EGARCH,t,0.99,XOM,1507,18,0.0119,0.010000000000000009,0.4617,0.3472,0.2096,True,True
LASSO,normal,0.95,AAPL,1507,67,0.0445,0.050000000000000044,0.3149,0.5071,0.5553,True,True
LASSO,normal,0.95,ADBE,1507,94,0.0624,0.050000000000000044,0.0335,0.1042,0.9535,False,True
LASSO,normal,0.95,AMD,1507,86,0.0571,0.050000000000000044,0.2179,0.2901,0.328,True,True
LASSO,normal,0.95,AMGN,1507,72,0.0478,0.050000000000000044,0.6901,0.8806,0.7577,True,True
LASSO,normal,0.95,AMZN,1507,63,0.0418,0.050000000000000044,0.1335,0.2964,0.6706,True,True
LASSO,normal,0.95,AXP,1507,93,0.0617,0.050000000000000044,0.0438,0.0526,0.1765,False,True
LASSO,normal,0.95,BA,1507,81,0.0537,0.050000000000000044,0.5092,0.0908,0.0367,True,True
LASSO,normal,0.95,CAT,1507,78,0.0518,0.050000000000000044,0.7554,0.3466,0.155,True,True
LASSO,normal,0.95,CRM,1507,105,0.0697,0.050000000000000044,0.0009,0.0033,0.5175,False,False
LASSO,normal,0.95,CSCO,1507,81,0.0537,0.050000000000000044,0.5092,0.7572,0.7285,True,True
LASSO,normal,0.95,CVX,1507,95,0.063,0.050000000000000044,0.0253,0.0821,0.9975,False,True
LASSO,normal,0.95,DIS,1507,96,0.0637,0.050000000000000044,0.019,0.002,0.0084,False,False
LASSO,normal,0.95,GE,1507,84,0.0557,0.050000000000000044,0.315,0.0991,0.0573,True,True
LASSO,normal,0.95,GOOGL,1507,86,0.0571,0.050000000000000044,0.2179,0.1381,0.1182,True,True
LASSO,normal,0.95,GS,1507,73,0.0484,0.050000000000000044,0.7801,0.4333,0.2067,True,True
LASSO,normal,0.95,HD,1507,92,0.061,0.050000000000000044,0.0568,0.1218,0.4455,True,True
LASSO,normal,0.95,HON,1507,84,0.0557,0.050000000000000044,0.315,0.4983,0.5356,True,True
LASSO,normal,0.95,IBM,1507,71,0.0471,0.050000000000000044,0.6038,0.8606,0.8605,True,True
LASSO,normal,0.95,JNJ,1507,83,0.0551,0.050000000000000044,0.3733,0.6451,0.772,True,True
LASSO,normal,0.95,JPM,1507,80,0.0531,0.050000000000000044,0.5862,0.1814,0.0775,True,True
LASSO,normal,0.95,KO,1507,82,0.0544,0.050000000000000044,0.4381,0.5483,0.4384,True,True
LASSO,normal,0.95,MCD,1507,64,0.0425,0.050000000000000044,0.1689,0.3465,0.6336,True,True
LASSO,normal,0.95,MMM,1507,82,0.0544,0.050000000000000044,0.4381,0.3681,0.2371,True,True
LASSO,normal,0.95,MRK,1507,81,0.0537,0.050000000000000044,0.5092,0.6189,0.4692,True,True
LASSO,normal,0.95,MSFT,1507,91,0.0604,0.050000000000000044,0.0728,0.1554,0.4771,True,True
LASSO,normal,0.95,NFLX,1507,65,0.0431,0.050000000000000044,0.2107,0.3566,0.4813,True,True
LASSO,normal,0.95,NKE,1507,105,0.0697,0.050000000000000044,0.0009,0.0035,0.5896,False,False
LASSO,normal,0.95,NVDA,1507,73,0.0484,0.050000000000000044,0.7801,0.9315,0.8002,True,True
LASSO,normal,0.95,ORCL,1507,97,0.0644,0.050000000000000044,0.0141,0.0161,0.1355,False,False
LASSO,normal,0.95,PG,1507,83,0.0551,0.050000000000000044,0.3733,0.4783,0.4088,True,True
LASSO,normal,0.95,PM,1507,85,0.0564,0.050000000000000044,0.2633,0.5323,0.9224,True,True
LASSO,normal,0.95,SHW,1507,82,0.0544,0.050000000000000044,0.4381,0.5655,0.4629,True,True
LASSO,normal,0.95,TRV,1507,87,0.0577,0.050000000000000044,0.1785,0.3657,0.6534,True,True
LASSO,normal,0.95,TSLA,1507,93,0.0617,0.050000000000000044,0.0438,0.0217,0.058,False,False
LASSO,normal,0.95,UNH,1507,77,0.0511,0.050000000000000044,0.8459,0.155,0.0547,True,True
LASSO,normal,0.95,V,1507,73,0.0484,0.050000000000000044,0.7801,0.7133,0.4394,True,True
LASSO,normal,0.95,VZ,1507,110,0.073,0.050000000000000044,0.0001,0.0003,0.2812,False,False
LASSO,normal,0.95,WMT,1507,64,0.0425,0.050000000000000044,0.1689,0.3823,0.8612,True,True
LASSO,normal,0.95,XOM,1507,96,0.0637,0.050000000000000044,0.019,0.0321,0.2409,False,False
LASSO,normal,0.99,AAPL,1507,19,0.0126,0.010000000000000009,0.3281,0.308,0.2369,True,True
LASSO,normal,0.99,ADBE,1507,50,0.0332,0.010000000000000009,0.0,0.0,0.5688,False,False
LASSO,normal,0.99,AMD,1507,35,0.0232,0.010000000000000009,0.0,0.0001,0.8378,False,False
LASSO,normal,0.99,AMGN,1507,30,0.0199,0.010000000000000009,0.0007,0.0016,0.2694,False,False
LASSO,normal,0.99,AMZN,1507,23,0.0153,0.010000000000000009,0.0567,0.114,0.3983,True,True
LASSO,normal,0.99,AXP,1507,39,0.0259,0.010000000000000009,0.0,0.0,0.3694,False,False
LASSO,normal,0.99,BA,1507,40,0.0265,0.010000000000000009,0.0,0.0,0.0227,False,False
LASSO,normal,0.99,CAT,1507,26,0.0173,0.010000000000000009,0.0103,0.0287,0.4692,False,False
LASSO,normal,0.99,CRM,1507,39,0.0259,0.010000000000000009,0.0,0.0,0.9919,False,False
LASSO,normal,0.99,CSCO,1507,32,0.0212,0.010000000000000009,0.0001,0.0001,0.0316,False,False
LASSO,normal,0.99,CVX,1507,42,0.0279,0.010000000000000009,0.0,0.0,0.4721,False,False
LASSO,normal,0.99,DIS,1507,41,0.0272,0.010000000000000009,0.0,0.0,0.1255,False,False
LASSO,normal,0.99,GE,1507,28,0.0186,0.010000000000000009,0.0028,0.0095,0.5464,False,False
LASSO,normal,0.99,GOOGL,1507,33,0.0219,0.010000000000000009,0.0001,0.0002,0.224,False,False
LASSO,normal,0.99,GS,1507,23,0.0153,0.010000000000000009,0.0567,0.1074,0.3615,True,True
LASSO,normal,0.99,HD,1507,33,0.0219,0.010000000000000009,0.0001,0.0003,0.7525,False,False
LASSO,normal,0.99,HON,1507,32,0.0212,0.010000000000000009,0.0001,0.0007,0.7103,False,False
LASSO,normal,0.99,IBM,1507,30,0.0199,0.010000000000000009,0.0007,0.0016,0.2694,False,False
LASSO,normal,0.99,JNJ,1507,30,0.0199,0.010000000000000009,0.0007,0.0016,0.2694,False,False
LASSO,normal,0.99,JPM,1507,31,0.0206,0.010000000000000009,0.0003,0.0001,0.0237,False,False
LASSO,normal,0.99,KO,1507,28,0.0186,0.010000000000000009,0.0028,0.0067,0.303,False,False
LASSO,normal,0.99,MCD,1507,30,0.0199,0.010000000000000009,0.0007,0.0016,0.2694,False,False
LASSO,normal,0.99,MMM,1507,31,0.0206,0.010000000000000009,0.0003,0.0006,0.1603,False,False
LASSO,normal,0.99,MRK,1507,40,0.0265,0.010000000000000009,0.0,0.0,0.9499,False,False
LASSO,normal,0.99,MSFT,1507,37,0.0246,0.010000000000000009,0.0,0.0,0.1722,False,False
LASSO,normal,0.99,NFLX,1507,24,0.0159,0.010000000000000009,0.0333,0.0171,0.0574,False,False
LASSO,normal,0.99,NKE,1507,37,0.0246,0.010000000000000009,0.0,0.0,0.1722,False,False
LASSO,normal,0.99,NVDA,1507,22,0.0146,0.010000000000000009,0.0932,0.1763,0.4193,True,True
LASSO,normal,0.99,ORCL,1507,45,0.0299,0.010000000000000009,0.0,0.0,0.5855,False,False
LASSO,normal,0.99,PG,1507,28,0.0186,0.010000000000000009,0.0028,0.0031,0.1076,False,False
LASSO,normal,0.99,PM,1507,37,0.0246,0.010000000000000009,0.0,0.0,0.1722,False,False
LASSO,normal,0.99,SHW,1507,33,0.0219,0.010000000000000009,0.0001,0.0002,0.224,False,False
LASSO,normal,0.99,TRV,1507,35,0.0232,0.010000000000000009,0.0,0.0001,0.8378,False,False
LASSO,normal,0.99,TSLA,1507,33,0.0219,0.010000000000000009,0.0001,0.0003,0.7525,False,False
LASSO,normal,0.99,UNH,1507,36,0.0239,0.010000000000000009,0.0,0.0,0.2794,False,False
LASSO,normal,0.99,V,1507,34,0.0226,0.010000000000000009,0.0,0.0001,0.7951,False,False
LASSO,normal,0.99,VZ,1507,45,0.0299,0.010000000000000009,0.0,0.0,0.053,False,False
LASSO,normal,0.99,WMT,1507,22,0.0146,0.010000000000000009,0.0932,0.0295,0.0398,True,False
LASSO,normal,0.99,XOM,1507,41,0.0272,0.010000000000000009,0.0,0.0,0.1255,False,False
LASSO,t,0.95,AAPL,1507,66,0.0438,0.050000000000000044,0.2593,0.4294,0.5177,True,True
LASSO,t,0.95,ADBE,1507,94,0.0624,0.050000000000000044,0.0335,0.1042,0.9535,False,True
LASSO,t,0.95,AMD,1507,94,0.0624,0.050000000000000044,0.0335,0.0967,0.6961,False,True
LASSO,t,0.95,AMGN,1507,72,0.0478,0.050000000000000044,0.6901,0.8806,0.7577,True,True
LASSO,t,0.95,AMZN,1507,58,0.0385,0.050000000000000044,0.0329,0.1013,0.8686,False,True
LASSO,t,0.95,AXP,1507,93,0.0617,0.050000000000000044,0.0438,0.0526,0.1765,False,True
LASSO,t,0.95,BA,1507,81,0.0537,0.050000000000000044,0.5092,0.0908,0.0367,True,True
LASSO,t,0.95,CAT,1507,79,0.0524,0.050000000000000044,0.6685,0.3611,0.1733,True,True
LASSO,t,0.95,CRM,1507,104,0.069,0.050000000000000044,0.0013,0.0045,0.4809,False,False
LASSO,t,0.95,CSCO,1507,82,0.0544,0.050000000000000044,0.4381,0.7096,0.7708,True,True
LASSO,t,0.95,CVX,1507,94,0.0624,0.050000000000000044,0.0335,0.0967,0.6961,False,True
LASSO,t,0.95,DIS,1507,96,0.0637,0.050000000000000044,0.019,0.002,0.0084,False,False
LASSO,t,0.95,GE,1507,85,0.0564,0.050000000000000044,0.2633,0.044,0.0254,True,False
LASSO,t,0.95,GOOGL,1507,83,0.0551,0.050000000000000044,0.3733,0.2461,0.1561,True,True
LASSO,t,0.95,GS,1507,73,0.0484,0.050000000000000044,0.7801,0.4333,0.2067,True,True
LASSO,t,0.95,HD,1507,89,0.0591,0.050000000000000044,0.1163,0.2424,0.5441,True,True
LASSO,t,0.95,HON,1507,85,0.0564,0.050000000000000044,0.2633,0.4566,0.5738,True,True
LASSO,t,0.95,IBM,1507,72,0.0478,0.050000000000000044,0.6901,0.8997,0.819,True,True
LASSO,t,0.95,JNJ,1507,79,0.0524,0.050000000000000044,0.6685,0.9098,0.9401,True,True
LASSO,t,0.95,JPM,1507,82,0.0544,0.050000000000000044,0.4381,0.1921,0.1005,True,True
LASSO,t,0.95,KO,1507,82,0.0544,0.050000000000000044,0.4381,0.5483,0.4384,True,True
LASSO,t,0.95,MCD,1507,64,0.0425,0.050000000000000044,0.1689,0.3465,0.6336,True,True
LASSO,t,0.95,MMM,1507,86,0.0571,0.050000000000000044,0.2179,0.1833,0.1709,True,True
LASSO,t,0.95,MRK,1507,81,0.0537,0.050000000000000044,0.5092,0.6189,0.4692,True,True
LASSO,t,0.95,MSFT,1507,89,0.0591,0.050000000000000044,0.1163,0.154,0.2588,True,True
LASSO,t,0.95,NFLX,1507,67,0.0445,0.050000000000000044,0.3149,0.5071,0.5553,True,True
LASSO,t,0.95,NKE,1507,106,0.0703,0.050000000000000044,0.0006,0.0028,0.8547,False,False
LASSO,t,0.95,NVDA,1507,73,0.0484,0.050000000000000044,0.7801,0.9315,0.8002,True,True
LASSO,t,0.95,ORCL,1507,97,0.0644,0.050000000000000044,0.0141,0.0161,0.1355,False,False
LASSO,t,0.95,PG,1507,84,0.0557,0.050000000000000044,0.315,0.411,0.3806,True,True
LASSO,t,0.95,PM,1507,86,0.0571,0.050000000000000044,0.2179,0.4676,0.9661,True,True
LASSO,t,0.95,SHW,1507,82,0.0544,0.050000000000000044,0.4381,0.5655,0.4629,True,True
LASSO,t,0.95,TRV,1507,88,0.0584,0.050000000000000044,0.1448,0.3198,0.6946,True,True
LASSO,t,0.95,TSLA,1507,93,0.0617,0.050000000000000044,0.0438,0.0217,0.058,False,False
LASSO,t,0.95,UNH,1507,77,0.0511,0.050000000000000044,0.8459,0.155,0.0547,True,True
LASSO,t,0.95,V,1507,72,0.0478,0.050000000000000044,0.6901,0.6538,0.4059,True,True
LASSO,t,0.95,VZ,1507,110,0.073,0.050000000000000044,0.0001,0.0003,0.2812,False,False
LASSO,t,0.95,WMT,1507,68,0.0451,0.050000000000000044,0.3774,0.5877,0.594,True,True
LASSO,t,0.95,XOM,1507,93,0.0617,0.050000000000000044,0.0438,0.0832,0.3399,False,True
LASSO,t,0.99,AAPL,1507,15,0.01,0.010000000000000009,0.9855,0.3327,0.1379,True,True
LASSO,t,0.99,ADBE,1507,42,0.0279,0.010000000000000009,0.0,0.0,0.8675,False,False
LASSO,t,0.99,AMD,1507,26,0.0173,0.010000000000000009,0.0103,0.0287,0.4692,False,False
LASSO,t,0.99,AMGN,1507,27,0.0179,0.010000000000000009,0.0054,0.0128,0.3208,False,False
LASSO,t,0.99,AMZN,1507,20,0.0133,0.010000000000000009,0.2242,0.365,0.4631,True,True
LASSO,t,0.99,AXP,1507,37,0.0246,0.010000000000000009,0.0,0.0,0.3079,False,False
LASSO,t,0.99,BA,1507,40,0.0265,0.010000000000000009,0.0,0.0,0.0227,False,False
LASSO,t,0.99,CAT,1507,25,0.0166,0.010000000000000009,0.0189,0.0466,0.4321,False,False
LASSO,t,0.99,CRM,1507,38,0.0252,0.010000000000000009,0.0,0.0,0.9658,False,False
LASSO,t,0.99,CSCO,1507,26,0.0173,0.010000000000000009,0.0103,0.008,0.0798,False,False
LASSO,t,0.99,CVX,1507,38,0.0252,0.010000000000000009,0.0,0.0,0.3379,False,False
LASSO,t,0.99,DIS,1507,36,0.0239,0.010000000000000009,0.0,0.0,0.8805,False,False
LASSO,t,0.99,GE,1507,28,0.0186,0.010000000000000009,0.0028,0.0095,0.5464,False,False
LASSO,t,0.99,GOOGL,1507,32,0.0212,0.010000000000000009,0.0001,0.0003,0.2385,False,False
LASSO,t,0.99,GS,1507,22,0.0146,0.010000000000000009,0.0932,0.1514,0.3281,True,True
LASSO,t,0.99,HD,1507,33,0.0219,0.010000000000000009,0.0001,0.0003,0.7525,False,False
LASSO,t,0.99,HON,1507,30,0.0199,0.010000000000000009,0.0007,0.0027,0.6271,False,False
LASSO,t,0.99,IBM,1507,28,0.0186,0.010000000000000009,0.0028,0.0067,0.303,False,False
LASSO,t,0.99,JNJ,1507,28,0.0186,0.010000000000000009,0.0028,0.0067,0.303,False,False
LASSO,t,0.99,JPM,1507,26,0.0173,0.010000000000000009,0.0103,0.008,0.0798,False,False
LASSO,t,0.99,KO,1507,28,0.0186,0.010000000000000009,0.0028,0.0067,0.303,False,False
LASSO,t,0.99,MCD,1507,26,0.0173,0.010000000000000009,0.0103,0.0236,0.3392,False,False
LASSO,t,0.99,MMM,1507,23,0.0153,0.010000000000000009,0.0567,0.1074,0.3615,True,True
LASSO,t,0.99,MRK,1507,36,0.0239,0.010000000000000009,0.0,0.0,0.8805,False,False
LASSO,t,0.99,MSFT,1507,32,0.0212,0.010000000000000009,0.0001,0.0003,0.2385,False,False
LASSO,t,0.99,NFLX,1507,20,0.0133,0.010000000000000009,0.2242,0.0408,0.0265,True,False
LASSO,t,0.99,NKE,1507,34,0.0226,0.010000000000000009,0.0,0.0001,0.2101,False,False
LASSO,t,0.99,NVDA,1507,11,0.0073,0.010000000000000009,0.2683,0.4998,0.6874,True,True
LASSO,t,0.99,ORCL,1507,42,0.0279,0.010000000000000009,0.0,0.0,0.4721,False,False
LASSO,t,0.99,PG,1507,28,0.0186,0.010000000000000009,0.0028,0.0031,0.1076,False,False
LASSO,t,0.99,PM,1507,35,0.0232,0.010000000000000009,0.0,0.0,0.1968,False,False
LASSO,t,0.99,SHW,1507,32,0.0212,0.010000000000000009,0.0001,0.0003,0.2385,False,False
LASSO,t,0.99,TRV,1507,30,0.0199,0.010000000000000009,0.0007,0.0016,0.2694,False,False
LASSO,t,0.99,TSLA,1507,29,0.0192,0.010000000000000009,0.0014,0.0052,0.5864,False,False
LASSO,t,0.99,UNH,1507,36,0.0239,0.010000000000000009,0.0,0.0,0.2794,False,False
LASSO,t,0.99,V,1507,30,0.0199,0.010000000000000009,0.0007,0.0027,0.6271,False,False
LASSO,t,0.99,VZ,1507,44,0.0292,0.010000000000000009,0.0,0.0,0.18,False,False
LASSO,t,0.99,WMT,1507,17,0.0113,0.010000000000000009,0.6244,0.367,0.184,True,True
LASSO,t,0.99,XOM,1507,35,0.0232,0.010000000000000009,0.0,0.0,0.2524,False,False
RF,normal,0.95,AAPL,1507,68,0.0451,0.050000000000000044,0.3774,0.6767,0.9663,True,True
RF,normal,0.95,ADBE,1507,87,0.0577,0.050000000000000044,0.1785,0.3657,0.6534,True,True
RF,normal,0.95,AMD,1507,85,0.0564,0.050000000000000044,0.2633,0.1699,0.1299,True,True
RF,normal,0.95,AMGN,1507,74,0.0491,0.050000000000000044,0.8729,0.9682,0.8432,True,True
RF,normal,0.95,AMZN,1507,64,0.0425,0.050000000000000044,0.1689,0.3465,0.6336,True,True
RF,normal,0.95,AXP,1507,93,0.0617,0.050000000000000044,0.0438,0.0142,0.0349,False,False
RF,normal,0.95,BA,1507,88,0.0584,0.050000000000000044,0.1448,0.0007,0.0004,True,False
RF,normal,0.95,CAT,1507,81,0.0537,0.050000000000000044,0.5092,0.1984,0.0943,True,True
RF,normal,0.95,CRM,1507,105,0.0697,0.050000000000000044,0.0009,0.0039,0.7899,False,False
RF,normal,0.95,CSCO,1507,81,0.0537,0.050000000000000044,0.5092,0.3583,0.2035,True,True
RF,normal,0.95,CVX,1507,98,0.065,0.050000000000000044,0.0103,0.0214,0.2916,False,False
RF,normal,0.95,DIS,1507,97,0.0644,0.050000000000000044,0.0141,0.0042,0.0264,False,False
RF,normal,0.95,GE,1507,79,0.0524,0.050000000000000044,0.6685,0.1817,0.0724,True,True
RF,normal,0.95,GOOGL,1507,89,0.0591,0.050000000000000044,0.1163,0.2754,0.7365,True,True
RF,normal,0.95,GS,1507,72,0.0478,0.050000000000000044,0.6901,0.385,0.1859,True,True
RF,normal,0.95,HD,1507,92,0.061,0.050000000000000044,0.0568,0.1218,0.4455,True,True
RF,normal,0.95,HON,1507,92,0.061,0.050000000000000044,0.0568,0.0602,0.1581,True,True
RF,normal,0.95,IBM,1507,78,0.0518,0.050000000000000044,0.7554,0.9526,0.995,True,True
RF,normal,0.95,JNJ,1507,87,0.0577,0.050000000000000044,0.1785,0.3657,0.6534,True,True
RF,normal,0.95,JPM,1507,83,0.0551,0.050000000000000044,0.3733,0.092,0.0461,True,True
RF,normal,0.95,KO,1507,87,0.0577,0.050000000000000044,0.1785,0.4045,0.9902,True,True
RF,normal,0.95,MCD,1507,68,0.0451,0.050000000000000044,0.3774,0.6767,0.9663,True,True
RF,normal,0.95,MMM,1507,82,0.0544,0.050000000000000044,0.4381,0.202,0.107,True,True
RF,normal,0.95,MRK,1507,80,0.0531,0.050000000000000044,0.5862,0.6878,0.5013,True,True
RF,normal,0.95,MSFT,1507,90,0.0597,0.050000000000000044,0.0925,0.1212,0.2382,True,True
RF,normal,0.95,NFLX,1507,66,0.0438,0.050000000000000044,0.2593,0.2623,0.2361,True,True
RF,normal,0.95,NKE,1507,104,0.069,0.050000000000000044,0.0013,0.0055,0.7468,False,False
RF,normal,0.95,NVDA,1507,77,0.0511,0.050000000000000044,0.8459,0.9807,0.9733,True,True
RF,normal,0.95,ORCL,1507,98,0.065,0.050000000000000044,0.0103,0.0361,0.7947,False,False
RF,normal,0.95,PG,1507,87,0.0577,0.050000000000000044,0.1785,0.4045,0.9902,True,True
RF,normal,0.95,PM,1507,90,0.0597,0.050000000000000044,0.0925,0.1955,0.51,True,True
RF,normal,0.95,SHW,1507,84,0.0557,0.050000000000000044,0.315,0.1989,0.1362,True,True
RF,normal,0.95,TRV,1507,88,0.0584,0.050000000000000044,0.1448,0.3198,0.6946,True,True
RF,normal,0.95,TSLA,1507,90,0.0597,0.050000000000000044,0.0925,0.0522,0.0795,True,True
RF,normal,0.95,UNH,1507,82,0.0544,0.050000000000000044,0.4381,0.0951,0.0428,True,True
RF,normal,0.95,V,1507,79,0.0524,0.050000000000000044,0.6685,0.9098,0.9401,True,True
RF,normal,0.95,VZ,1507,112,0.0743,0.050000000000000044,0.0001,0.0001,0.1929,False,False
RF,normal,0.95,WMT,1507,70,0.0464,0.050000000000000044,0.5224,0.7461,0.6743,True,True
RF,normal,0.95,XOM,1507,95,0.063,0.050000000000000044,0.0253,0.0578,0.4021,False,True
RF,normal,0.99,AAPL,1507,19,0.0126,0.010000000000000009,0.3281,0.308,0.2369,True,True
RF,normal,0.99,ADBE,1507,49,0.0325,0.010000000000000009,0.0,0.0,0.6028,False,False
RF,normal,0.99,AMD,1507,34,0.0226,0.010000000000000009,0.0,0.0001,0.7951,False,False
RF,normal,0.99,AMGN,1507,31,0.0206,0.010000000000000009,0.0003,0.0008,0.2536,False,False
RF,normal,0.99,AMZN,1507,20,0.0133,0.010000000000000009,0.2242,0.365,0.4631,True,True
RF,normal,0.99,AXP,1507,39,0.0259,0.010000000000000009,0.0,0.0,0.3694,False,False
RF,normal,0.99,BA,1507,40,0.0265,0.010000000000000009,0.0,0.0,0.0227,False,False
RF,normal,0.99,CAT,1507,31,0.0206,0.010000000000000009,0.0003,0.0014,0.6684,False,False
RF,normal,0.99,CRM,1507,44,0.0292,0.010000000000000009,0.0,0.0,0.5466,False,False
RF,normal,0.99,CSCO,1507,35,0.0232,0.010000000000000009,0.0,0.0,0.0082,False,False
RF,normal,0.99,CVX,1507,41,0.0272,0.010000000000000009,0.0,0.0,0.4366,False,False
RF,normal,0.99,DIS,1507,42,0.0279,0.010000000000000009,0.0,0.0,0.0324,False,False
RF,normal,0.99,GE,1507,35,0.0232,0.010000000000000009,0.0,0.0,0.2524,False,False
RF,normal,0.99,GOOGL,1507,36,0.0239,0.010000000000000009,0.0,0.0,0.1842,False,False
RF,normal,0.99,GS,1507,24,0.0159,0.010000000000000009,0.0333,0.0724,0.3961,False,True
RF,normal,0.99,HD,1507,34,0.0226,0.010000000000000009,0.0,0.0001,0.7951,False,False
RF,normal,0.99,HON,1507,35,0.0232,0.010000000000000009,0.0,0.0,0.2524,False,False
RF,normal,0.99,IBM,1507,32,0.0212,0.010000000000000009,0.0001,0.0003,0.2385,False,False
RF,normal,0.99,JNJ,1507,32,0.0212,0.010000000000000009,0.0001,0.0003,0.181,False,False
RF,normal,0.99,JPM,1507,33,0.0219,0.010000000000000009,0.0001,0.0001,0.2032,False,False
RF,normal,0.99,KO,1507,35,0.0232,0.010000000000000009,0.0,0.0,0.2524,False,False
RF,normal,0.99,MCD,1507,33,0.0219,0.010000000000000009,0.0001,0.0003,0.7525,False,False
RF,normal,0.99,MMM,1507,30,0.0199,0.010000000000000009,0.0007,0.0027,0.6271,False,False
RF,normal,0.99,MRK,1507,40,0.0265,0.010000000000000009,0.0,0.0,0.9499,False,False
RF,normal,0.99,MSFT,1507,36,0.0239,0.010000000000000009,0.0,0.0,0.1842,False,False
RF,normal,0.99,NFLX,1507,26,0.0173,0.010000000000000009,0.0103,0.008,0.0798,False,False
RF,normal,0.99,NKE,1507,37,0.0246,0.010000000000000009,0.0,0.0,0.1722,False,False
RF,normal,0.99,NVDA,1507,17,0.0113,0.010000000000000009,0.6244,0.7305,0.5333,True,True
RF,normal,0.99,ORCL,1507,48,0.0319,0.010000000000000009,0.0,0.0,0.707,False,False
RF,normal,0.99,PG,1507,35,0.0232,0.010000000000000009,0.0,0.0,0.0529,False,False
RF,normal,0.99,PM,1507,38,0.0252,0.010000000000000009,0.0,0.0,0.1607,False,False
RF,normal,0.99,SHW,1507,36,0.0239,0.010000000000000009,0.0,0.0,0.1842,False,False
RF,normal,0.99,TRV,1507,30,0.0199,0.010000000000000009,0.0007,0.0027,0.6271,False,False
RF,normal,0.99,TSLA,1507,33,0.0219,0.010000000000000009,0.0001,0.0003,0.7525,False,False
RF,normal,0.99,UNH,1507,37,0.0246,0.010000000000000009,0.0,0.0,0.3079,False,False
RF,normal,0.99,V,1507,34,0.0226,0.010000000000000009,0.0,0.0001,0.7951,False,False
RF,normal,0.99,VZ,1507,42,0.0279,0.010000000000000009,0.0,0.0,0.1422,False,False
RF,normal,0.99,WMT,1507,21,0.0139,0.010000000000000009,0.1473,0.2028,0.2962,True,True
RF,normal,0.99,XOM,1507,38,0.0252,0.010000000000000009,0.0,0.0,0.0836,False,False
RF,t,0.95,AAPL,1507,68,0.0451,0.050000000000000044,0.3774,0.6767,0.9663,True,True
RF,t,0.95,ADBE,1507,87,0.0577,0.050000000000000044,0.1785,0.3657,0.6534,True,True
RF,t,0.95,AMD,1507,87,0.0577,0.050000000000000044,0.1785,0.2383,0.3036,True,True
RF,t,0.95,AMGN,1507,75,0.0498,0.050000000000000044,0.967,0.989,0.8865,True,True
RF,t,0.95,AMZN,1507,61,0.0405,0.050000000000000044,0.0798,0.2047,0.7474,True,True
RF,t,0.95,AXP,1507,93,0.0617,0.050000000000000044,0.0438,0.0142,0.0349,False,False
RF,t,0.95,BA,1507,88,0.0584,0.050000000000000044,0.1448,0.0007,0.0004,True,False
RF,t,0.95,CAT,1507,82,0.0544,0.050000000000000044,0.4381,0.202,0.107,True,True
RF,t,0.95,CRM,1507,105,0.0697,0.050000000000000044,0.0009,0.0039,0.7899,False,False
RF,t,0.95,CSCO,1507,81,0.0537,0.050000000000000044,0.5092,0.3583,0.2035,True,True
RF,t,0.95,CVX,1507,95,0.063,0.050000000000000044,0.0253,0.0578,0.4021,False,True
RF,t,0.95,DIS,1507,98,0.065,0.050000000000000044,0.0103,0.0036,0.031,False,False
RF,t,0.95,GE,1507,80,0.0531,0.050000000000000044,0.5862,0.1915,0.0828,True,True
RF,t,0.95,GOOGL,1507,89,0.0591,0.050000000000000044,0.1163,0.2754,0.7365,True,True
RF,t,0.95,GS,1507,72,0.0478,0.050000000000000044,0.6901,0.385,0.1859,True,True
RF,t,0.95,HD,1507,92,0.061,0.050000000000000044,0.0568,0.1218,0.4455,True,True
RF,t,0.95,HON,1507,93,0.0617,0.050000000000000044,0.0438,0.0526,0.1765,False,True
RF,t,0.95,IBM,1507,78,0.0518,0.050000000000000044,0.7554,0.9526,0.995,True,True
RF,t,0.95,JNJ,1507,84,0.0557,0.050000000000000044,0.315,0.4983,0.5356,True,True
RF,t,0.95,JPM,1507,83,0.0551,0.050000000000000044,0.3733,0.092,0.0461,True,True
RF,t,0.95,KO,1507,87,0.0577,0.050000000000000044,0.1785,0.4045,0.9902,True,True
RF,t,0.95,MCD,1507,68,0.0451,0.050000000000000044,0.3774,0.6767,0.9663,True,True
RF,t,0.95,MMM,1507,83,0.0551,0.050000000000000044,0.3733,0.2022,0.121,True,True
RF,t,0.95,MRK,1507,80,0.0531,0.050000000000000044,0.5862,0.6878,0.5013,True,True
RF,t,0.95,MSFT,1507,90,0.0597,0.050000000000000044,0.0925,0.1212,0.2382,True,True
RF,t,0.95,NFLX,1507,69,0.0458,0.050000000000000044,0.4467,0.4511,0.3141,True,True
RF,t,0.95,NKE,1507,106,0.0703,0.050000000000000044,0.0006,0.0024,0.5553,False,False
RF,t,0.95,NVDA,1507,80,0.0531,0.050000000000000044,0.5862,0.8551,0.8973,True,True
RF,t,0.95,ORCL,1507,98,0.065,0.050000000000000044,0.0103,0.0361,0.7947,False,False
RF,t,0.95,PG,1507,87,0.0577,0.050000000000000044,0.1785,0.4045,0.9902,True,True
RF,t,0.95,PM,1507,92,0.061,0.050000000000000044,0.0568,0.1218,0.4455,True,True
RF,t,0.95,SHW,1507,84,0.0557,0.050000000000000044,0.315,0.1989,0.1362,True,True
RF,t,0.95,TRV,1507,89,0.0591,0.050000000000000044,0.1163,0.2754,0.7365,True,True
RF,t,0.95,TSLA,1507,93,0.0617,0.050000000000000044,0.0438,0.0217,0.058,False,False
RF,t,0.95,UNH,1507,82,0.0544,0.050000000000000044,0.4381,0.0951,0.0428,True,True
RF,t,0.95,V,1507,77,0.0511,0.050000000000000044,0.8459,0.9807,0.9733,True,True
RF,t,0.95,VZ,1507,112,0.0743,0.050000000000000044,0.0001,0.0001,0.1929,False,False
RF,t,0.95,WMT,1507,72,0.0478,0.050000000000000044,0.6901,0.8806,0.7577,True,True
RF,t,0.95,XOM,1507,92,0.061,0.050000000000000044,0.0568,0.0975,0.311,True,True
RF,t,0.99,AAPL,1507,15,0.01,0.010000000000000009,0.9855,0.3327,0.1379,True,True
RF,t,0.99,ADBE,1507,42,0.0279,0.010000000000000009,0.0,0.0,0.8675,False,False
RF,t,0.99,AMD,1507,30,0.0199,0.010000000000000009,0.0007,0.0027,0.6271,False,False
RF,t,0.99,AMGN,1507,27,0.0179,0.010000000000000009,0.0054,0.0128,0.3208,False,False
RF,t,0.99,AMZN,1507,16,0.0106,0.010000000000000009,0.8116,0.8185,0.5577,True,True
RF,t,0.99,AXP,1507,36,0.0239,0.010000000000000009,0.0,0.0,0.2794,False,False
RF,t,0.99,BA,1507,39,0.0259,0.010000000000000009,0.0,0.0,0.0188,False,False
RF,t,0.99,CAT,1507,27,0.0179,0.010000000000000009,0.0054,0.0169,0.5073,False,False
RF,t,0.99,CRM,1507,40,0.0265,0.010000000000000009,0.0,0.0,0.4023,False,False
RF,t,0.99,CSCO,1507,31,0.0206,0.010000000000000009,0.0003,0.0,0.0031,False,False
RF,t,0.99,CVX,1507,37,0.0246,0.010000000000000009,0.0,0.0,0.3079,False,False
RF,t,0.99,DIS,1507,40,0.0265,0.010000000000000009,0.0,0.0,0.0227,False,False
RF,t,0.99,GE,1507,31,0.0206,0.010000000000000009,0.0003,0.0006,0.1603,False,False
RF,t,0.99,GOOGL,1507,34,0.0226,0.010000000000000009,0.0,0.0001,0.2101,False,False
RF,t,0.99,GS,1507,23,0.0153,0.010000000000000009,0.0567,0.1074,0.3615,True,True
RF,t,0.99,HD,1507,33,0.0219,0.010000000000000009,0.0001,0.0003,0.7525,False,False
RF,t,0.99,HON,1507,32,0.0212,0.010000000000000009,0.0001,0.0007,0.7103,False,False
RF,t,0.99,IBM,1507,30,0.0199,0.010000000000000009,0.0007,0.0016,0.2694,False,False
RF,t,0.99,JNJ,1507,31,0.0206,0.010000000000000009,0.0003,0.0006,0.1603,False,False
RF,t,0.99,JPM,1507,28,0.0186,0.010000000000000009,0.0028,0.0031,0.1076,False,False
RF,t,0.99,KO,1507,34,0.0226,0.010000000000000009,0.0,0.0001,0.227,False,False
RF,t,0.99,MCD,1507,31,0.0206,0.010000000000000009,0.0003,0.0014,0.6684,False,False
RF,t,0.99,MMM,1507,24,0.0159,0.010000000000000009,0.0333,0.0724,0.3961,False,True
RF,t,0.99,MRK,1507,38,0.0252,0.010000000000000009,0.0,0.0,0.9658,False,False
RF,t,0.99,MSFT,1507,30,0.0199,0.010000000000000009,0.0007,0.0016,0.2694,False,False
RF,t,0.99,NFLX,1507,19,0.0126,0.010000000000000009,0.3281,0.0436,0.0212,True,False
RF,t,0.99,NKE,1507,34,0.0226,0.010000000000000009,0.0,0.0001,0.2101,False,False
RF,t,0.99,NVDA,1507,14,0.0093,0.010000000000000009,0.7792,0.8431,0.6082,True,True
RF,t,0.99,ORCL,1507,45,0.0299,0.010000000000000009,0.0,0.0,0.5855,False,False
RF,t,0.99,PG,1507,33,0.0219,0.010000000000000009,0.0001,0.0,0.0378,False,False
RF,t,0.99,PM,1507,36,0.0239,0.010000000000000009,0.0,0.0,0.1842,False,False
RF,t,0.99,SHW,1507,35,0.0232,0.010000000000000009,0.0,0.0,0.1968,False,False
RF,t,0.99,TRV,1507,28,0.0186,0.010000000000000009,0.0028,0.0095,0.5464,False,False
RF,t,0.99,TSLA,1507,29,0.0192,0.010000000000000009,0.0014,0.0052,0.5864,False,False
RF,t,0.99,UNH,1507,34,0.0226,0.010000000000000009,0.0,0.0001,0.227,False,False
RF,t,0.99,V,1507,30,0.0199,0.010000000000000009,0.0007,0.0027,0.6271,False,False
RF,t,0.99,VZ,1507,42,0.0279,0.010000000000000009,0.0,0.0,0.1422,False,False
RF,t,0.99,WMT,1507,19,0.0126,0.010000000000000009,0.3281,0.308,0.2369,True,True
RF,t,0.99,XOM,1507,37,0.0246,0.010000000000000009,0.0,0.0,0.0722,False,False
HV,normal,0.95,AAPL,1507,45,0.0299,0.050000000000000044,0.0001,0.0005,0.5855,False,False
HV,normal,0.95,ADBE,1507,73,0.0484,0.050000000000000044,0.7801,0.9315,0.8002,True,True
HV,normal,0.95,AMD,1507,63,0.0418,0.050000000000000044,0.1335,0.316,0.8183,True,True
HV,normal,0.95,AMGN,1507,76,0.0504,0.050000000000000044,0.9388,0.9932,0.9299,True,True
HV,normal,0.95,AMZN,1507,53,0.0352,0.050000000000000044,0.0054,0.0206,0.9194,False,False
HV,normal,0.95,AXP,1507,75,0.0498,0.050000000000000044,0.967,0.0469,0.0134,True,False
HV,normal,0.95,BA,1507,67,0.0445,0.050000000000000044,0.3149,0.0065,0.0026,True,False
HV,normal,0.95,CAT,1507,57,0.0378,0.050000000000000044,0.0237,0.017,0.0819,False,False
HV,normal,0.95,CRM,1507,70,0.0464,0.050000000000000044,0.5224,0.2872,0.1487,True,True
HV,normal,0.95,CSCO,1507,64,0.0425,0.050000000000000044,0.1689,0.1656,0.1918,True,True
HV,normal,0.95,CVX,1507,66,0.0438,0.050000000000000044,0.2593,0.5282,0.9476,True,True
HV,normal,0.95,DIS,1507,76,0.0504,0.050000000000000044,0.9388,0.0056,0.0013,True,False
HV,normal,0.95,GE,1507,65,0.0431,0.050000000000000044,0.2107,0.0982,0.0795,True,True
HV,normal,0.95,GOOGL,1507,62,0.0411,0.050000000000000044,0.104,0.2561,0.7757,True,True
HV,normal,0.95,GS,1507,60,0.0398,0.050000000000000044,0.0603,0.0004,0.0005,True,False
HV,normal,0.95,HD,1507,68,0.0451,0.050000000000000044,0.3774,0.6767,0.9663,True,True
HV,normal,0.95,HON,1507,76,0.0504,0.050000000000000044,0.9388,0.1393,0.0472,True,True
HV,normal,0.95,IBM,1507,47,0.0312,0.050000000000000044,0.0003,0.0015,0.6923,False,False
HV,normal,0.95,JNJ,1507,92,0.061,0.050000000000000044,0.0568,0.1242,0.4611,True,True
HV,normal,0.95,JPM,1507,66,0.0438,0.050000000000000044,0.2593,0.0165,0.0085,True,False
HV,normal,0.95,KO,1507,77,0.0511,0.050000000000000044,0.8459,0.8584,0.6049,True,True
HV,normal,0.95,MCD,1507,69,0.0458,0.050000000000000044,0.4467,0.6683,0.6337,True,True
HV,normal,0.95,MMM,1507,58,0.0385,0.050000000000000044,0.0329,0.0551,0.2647,False,True
HV,normal,0.95,MRK,1507,84,0.0557,0.050000000000000044,0.315,0.5692,0.7316,True,True
HV,normal,0.95,MSFT,1507,67,0.0445,0.050000000000000044,0.3149,0.6034,0.9907,True,True
HV,normal,0.95,NFLX,1507,55,0.0365,0.050000000000000044,0.0117,0.033,0.4966,False,False
HV,normal,0.95,NKE,1507,74,0.0491,0.050000000000000044,0.8729,0.9251,0.7182,True,True
HV,normal,0.95,NVDA,1507,46,0.0305,0.050000000000000044,0.0002,0.0009,0.6252,False,False
HV,normal,0.95,ORCL,1507,79,0.0524,0.050000000000000044,0.6685,0.8314,0.6663,True,True
HV,normal,0.95,PG,1507,76,0.0504,0.050000000000000044,0.9388,0.5579,0.2812,True,True
HV,normal,0.95,PM,1507,79,0.0524,0.050000000000000044,0.6685,0.7524,0.5347,True,True
HV,normal,0.95,SHW,1507,73,0.0484,0.050000000000000044,0.7801,0.2159,0.0839,True,True
HV,normal,0.95,TRV,1507,73,0.0484,0.050000000000000044,0.7801,0.7133,0.4394,True,True
HV,normal,0.95,TSLA,1507,52,0.0345,0.050000000000000044,0.0035,0.0141,0.8765,False,False
HV,normal,0.95,UNH,1507,75,0.0498,0.050000000000000044,0.967,0.5197,0.2529,True,True
HV,normal,0.95,V,1507,66,0.0438,0.050000000000000044,0.2593,0.4477,0.5629,True,True
HV,normal,0.95,VZ,1507,94,0.0624,0.050000000000000044,0.0335,0.0698,0.3702,False,True
HV,normal,0.95,WMT,1507,62,0.0411,0.050000000000000044,0.104,0.2561,0.7757,True,True
HV,normal,0.95,XOM,1507,66,0.0438,0.050000000000000044,0.2593,0.2623,0.2361,True,True
HV,normal,0.99,AAPL,1507,15,0.01,0.010000000000000009,0.9855,0.8598,0.5827,True,True
HV,normal,0.99,ADBE,1507,33,0.0219,0.010000000000000009,0.0001,0.0002,0.224,False,False
HV,normal,0.99,AMD,1507,23,0.0153,0.010000000000000009,0.0567,0.0231,0.0481,True,False
HV,normal,0.99,AMGN,1507,30,0.0199,0.010000000000000009,0.0007,0.0016,0.2694,False,False
HV,normal,0.99,AMZN,1507,18,0.0119,0.010000000000000009,0.4617,0.6135,0.5093,True,True
HV,normal,0.99,AXP,1507,27,0.0179,0.010000000000000009,0.0054,0.0051,0.093,False,False
HV,normal,0.99,BA,1507,28,0.0186,0.010000000000000009,0.0028,0.0,0.0001,False,False
HV,normal,0.99,CAT,1507,17,0.0113,0.010000000000000009,0.6244,0.7305,0.5333,True,True
HV,normal,0.99,CRM,1507,25,0.0166,0.010000000000000009,0.0189,0.0002,0.0005,False,False
HV,normal,0.99,CSCO,1507,23,0.0153,0.010000000000000009,0.0567,0.1074,0.3615,True,True
HV,normal,0.99,CVX,1507,25,0.0166,0.010000000000000009,0.0189,0.0466,0.4321,False,False
HV,normal,0.99,DIS,1507,35,0.0232,0.010000000000000009,0.0,0.0,0.2524,False,False
HV,normal,0.99,GE,1507,26,0.0173,0.010000000000000009,0.0103,0.008,0.0798,False,False
HV,normal,0.99,GOOGL,1507,29,0.0192,0.010000000000000009,0.0014,0.0052,0.5864,False,False
HV,normal,0.99,GS,1507,22,0.0146,0.010000000000000009,0.0932,0.1514,0.3281,True,True
HV,normal,0.99,HD,1507,30,0.0199,0.010000000000000009,0.0007,0.0027,0.6271,False,False
HV,normal,0.99,HON,1507,32,0.0212,0.010000000000000009,0.0001,0.0007,0.7103,False,False
HV,normal,0.99,IBM,1507,15,0.01,0.010000000000000009,0.9855,0.8598,0.5827,True,True
HV,normal,0.99,JNJ,1507,33,0.0219,0.010000000000000009,0.0001,0.0003,0.7525,False,False
HV,normal,0.99,JPM,1507,27,0.0179,0.010000000000000009,0.0054,0.0169,0.5073,False,False
HV,normal,0.99,KO,1507,32,0.0212,0.010000000000000009,0.0001,0.0003,0.2385,False,False
HV,normal,0.99,MCD,1507,30,0.0199,0.010000000000000009,0.0007,0.0027,0.6271,False,False
HV,normal,0.99,MMM,1507,31,0.0206,0.010000000000000009,0.0003,0.0006,0.1603,False,False
HV,normal,0.99,MRK,1507,31,0.0206,0.010000000000000009,0.0003,0.0008,0.2536,False,False
HV,normal,0.99,MSFT,1507,23,0.0153,0.010000000000000009,0.0567,0.114,0.3983,True,True
HV,normal,0.99,NFLX,1507,24,0.0159,0.010000000000000009,0.0333,0.0171,0.0574,False,False
HV,normal,0.99,NKE,1507,21,0.0139,0.010000000000000009,0.1473,0.26,0.4409,True,True
HV,normal,0.99,NVDA,1507,9,0.006,0.010000000000000009,0.0894,0.2238,0.7422,True,True
HV,normal,0.99,ORCL,1507,33,0.0219,0.010000000000000009,0.0001,0.0003,0.7525,False,False
HV,normal,0.99,PG,1507,35,0.0232,0.010000000000000009,0.0,0.0,0.2524,False,False
HV,normal,0.99,PM,1507,32,0.0212,0.010000000000000009,0.0001,0.0003,0.2385,False,False
HV,normal,0.99,SHW,1507,29,0.0192,0.010000000000000009,0.0014,0.0034,0.2859,False,False
HV,normal,0.99,TRV,1507,33,0.0219,0.010000000000000009,0.0001,0.0003,0.7525,False,False
HV,normal,0.99,TSLA,1507,19,0.0126,0.010000000000000009,0.3281,0.308,0.2369,True,True
HV,normal,0.99,UNH,1507,37,0.0246,0.010000000000000009,0.0,0.0,0.9233,False,False
HV,normal,0.99,V,1507,30,0.0199,0.010000000000000009,0.0007,0.0027,0.6271,False,False
HV,normal,0.99,VZ,1507,45,0.0299,0.010000000000000009,0.0,0.0,0.7488,False,False
HV,normal,0.99,WMT,1507,22,0.0146,0.010000000000000009,0.0932,0.1763,0.4193,True,True
HV,normal,0.99,XOM,1507,22,0.0146,0.010000000000000009,0.0932,0.1514,0.3281,True,True
HV,t,0.95,AAPL,1507,45,0.0299,0.050000000000000044,0.0001,0.0005,0.5855,False,False
HV,t,0.95,ADBE,1507,73,0.0484,0.050000000000000044,0.7801,0.9315,0.8002,True,True
HV,t,0.95,AMD,1507,65,0.0431,0.050000000000000044,0.2107,0.4537,0.9044,True,True
HV,t,0.95,AMGN,1507,76,0.0504,0.050000000000000044,0.9388,0.9932,0.9299,True,True
HV,t,0.95,AMZN,1507,52,0.0345,0.050000000000000044,0.0035,0.0141,0.8765,False,False
HV,t,0.95,AXP,1507,75,0.0498,0.050000000000000044,0.967,0.0469,0.0134,True,False
HV,t,0.95,BA,1507,67,0.0445,0.050000000000000044,0.3149,0.0065,0.0026,True,False
HV,t,0.95,CAT,1507,57,0.0378,0.050000000000000044,0.0237,0.017,0.0819,False,False
HV,t,0.95,CRM,1507,70,0.0464,0.050000000000000044,0.5224,0.2872,0.1487,True,True
HV,t,0.95,CSCO,1507,64,0.0425,0.050000000000000044,0.1689,0.1656,0.1918,True,True
HV,t,0.95,CVX,1507,65,0.0431,0.050000000000000044,0.2107,0.4537,0.9044,True,True
HV,t,0.95,DIS,1507,76,0.0504,0.050000000000000044,0.9388,0.0056,0.0013,True,False
HV,t,0.95,GE,1507,66,0.0438,0.050000000000000044,0.2593,0.1267,0.0909,True,True
HV,t,0.95,GOOGL,1507,62,0.0411,0.050000000000000044,0.104,0.2561,0.7757,True,True
HV,t,0.95,GS,1507,60,0.0398,0.050000000000000044,0.0603,0.0004,0.0005,True,False
HV,t,0.95,HD,1507,67,0.0445,0.050000000000000044,0.3149,0.6034,0.9907,True,True
HV,t,0.95,HON,1507,77,0.0511,0.050000000000000044,0.8459,0.155,0.0547,True,True
HV,t,0.95,IBM,1507,47,0.0312,0.050000000000000044,0.0003,0.0015,0.6923,False,False
HV,t,0.95,JNJ,1507,92,0.061,0.050000000000000044,0.0568,0.1242,0.4611,True,True
HV,t,0.95,JPM,1507,68,0.0451,0.050000000000000044,0.3774,0.0274,0.0113,True,False
HV,t,0.95,KO,1507,78,0.0518,0.050000000000000044,0.7554,0.8102,0.5692,True,True
HV,t,0.95,MCD,1507,69,0.0458,0.050000000000000044,0.4467,0.6683,0.6337,True,True
HV,t,0.95,MMM,1507,59,0.0392,0.050000000000000044,0.0449,0.0767,0.2912,False,True
HV,t,0.95,MRK,1507,82,0.0544,0.050000000000000044,0.4381,0.7199,0.8131,True,True
HV,t,0.95,MSFT,1507,67,0.0445,0.050000000000000044,0.3149,0.6034,0.9907,True,True
HV,t,0.95,NFLX,1507,59,0.0392,0.050000000000000044,0.0449,0.0364,0.1067,False,False
HV,t,0.95,NKE,1507,74,0.0491,0.050000000000000044,0.8729,0.9251,0.7182,True,True
HV,t,0.95,NVDA,1507,48,0.0319,0.050000000000000044,0.0006,0.0024,0.707,False,False
HV,t,0.95,ORCL,1507,80,0.0531,0.050000000000000044,0.5862,0.6009,0.3954,True,True
HV,t,0.95,PG,1507,77,0.0511,0.050000000000000044,0.8459,0.5202,0.2599,True,True
HV,t,0.95,PM,1507,80,0.0531,0.050000000000000044,0.5862,0.6878,0.5013,True,True
HV,t,0.95,SHW,1507,73,0.0484,0.050000000000000044,0.7801,0.2159,0.0839,True,True
HV,t,0.95,TRV,1507,73,0.0484,0.050000000000000044,0.7801,0.7133,0.4394,True,True
HV,t,0.95,TSLA,1507,54,0.0358,0.050000000000000044,0.008,0.0296,0.9623,False,False
HV,t,0.95,UNH,1507,75,0.0498,0.050000000000000044,0.967,0.5197,0.2529,True,True
HV,t,0.95,V,1507,64,0.0425,0.050000000000000044,0.1689,0.3465,0.6336,True,True
HV,t,0.95,VZ,1507,94,0.0624,0.050000000000000044,0.0335,0.0698,0.3702,False,True
HV,t,0.95,WMT,1507,67,0.0445,0.050000000000000044,0.3149,0.6034,0.9907,True,True
HV,t,0.95,XOM,1507,63,0.0418,0.050000000000000044,0.1335,0.1276,0.1719,True,True
HV,t,0.99,AAPL,1507,10,0.0066,0.010000000000000009,0.1621,0.352,0.7146,True,True
HV,t,0.99,ADBE,1507,25,0.0166,0.010000000000000009,0.0189,0.0416,0.3582,False,False
HV,t,0.99,AMD,1507,17,0.0113,0.010000000000000009,0.6244,0.367,0.184,True,True
HV,t,0.99,AMGN,1507,27,0.0179,0.010000000000000009,0.0054,0.0128,0.3208,False,False
HV,t,0.99,AMZN,1507,15,0.01,0.010000000000000009,0.9855,0.8598,0.5827,True,True
HV,t,0.99,AXP,1507,24,0.0159,0.010000000000000009,0.0333,0.0171,0.0574,False,False
HV,t,0.99,BA,1507,26,0.0173,0.010000000000000009,0.0103,0.0012,0.009,False,False
HV,t,0.99,CAT,1507,15,0.01,0.010000000000000009,0.9855,0.8598,0.5827,True,True
HV,t,0.99,CRM,1507,24,0.0159,0.010000000000000009,0.0333,0.0022,0.0054,False,False
HV,t,0.99,CSCO,1507,21,0.0139,0.010000000000000009,0.1473,0.26,0.4409,True,True
HV,t,0.99,CVX,1507,25,0.0166,0.010000000000000009,0.0189,0.0466,0.4321,False,False
HV,t,0.99,DIS,1507,34,0.0226,0.010000000000000009,0.0,0.0001,0.227,False,False
HV,t,0.99,GE,1507,24,0.0159,0.010000000000000009,0.0333,0.0171,0.0574,False,False
HV,t,0.99,GOOGL,1507,28,0.0186,0.010000000000000009,0.0028,0.0095,0.5464,False,False
HV,t,0.99,GS,1507,21,0.0139,0.010000000000000009,0.1473,0.26,0.4409,True,True
HV,t,0.99,HD,1507,28,0.0186,0.010000000000000009,0.0028,0.0095,0.5464,False,False
HV,t,0.99,HON,1507,29,0.0192,0.010000000000000009,0.0014,0.0052,0.5864,False,False
HV,t,0.99,IBM,1507,15,0.01,0.010000000000000009,0.9855,0.8598,0.5827,True,True
HV,t,0.99,JNJ,1507,30,0.0199,0.010000000000000009,0.0007,0.0027,0.6271,False,False
HV,t,0.99,JPM,1507,21,0.0139,0.010000000000000009,0.1473,0.2028,0.2962,True,True
HV,t,0.99,KO,1507,30,0.0199,0.010000000000000009,0.0007,0.0016,0.2694,False,False
HV,t,0.99,MCD,1507,26,0.0173,0.010000000000000009,0.0103,0.0287,0.4692,False,False
HV,t,0.99,MMM,1507,30,0.0199,0.010000000000000009,0.0007,0.0027,0.6271,False,False
HV,t,0.99,MRK,1507,29,0.0192,0.010000000000000009,0.0014,0.0034,0.2859,False,False
HV,t,0.99,MSFT,1507,17,0.0113,0.010000000000000009,0.6244,0.7305,0.5333,True,True
HV,t,0.99,NFLX,1507,22,0.0146,0.010000000000000009,0.0932,0.0295,0.0398,True,False
HV,t,0.99,NKE,1507,19,0.0126,0.010000000000000009,0.3281,0.4863,0.4859,True,True
HV,t,0.99,NVDA,1507,8,0.0053,0.010000000000000009,0.0444,0.127,0.77,False,True
HV,t,0.99,ORCL,1507,32,0.0212,0.010000000000000009,0.0001,0.0007,0.7103,False,False
HV,t,0.99,PG,1507,32,0.0212,0.010000000000000009,0.0001,0.0003,0.181,False,False
HV,t,0.99,PM,1507,31,0.0206,0.010000000000000009,0.0003,0.0008,0.2536,False,False
HV,t,0.99,SHW,1507,29,0.0192,0.010000000000000009,0.0014,0.0034,0.2859,False,False
HV,t,0.99,TRV,1507,30,0.0199,0.010000000000000009,0.0007,0.0016,0.2694,False,False
HV,t,0.99,TSLA,1507,18,0.0119,0.010000000000000009,0.4617,0.3472,0.2096,True,True
HV,t,0.99,UNH,1507,34,0.0226,0.010000000000000009,0.0,0.0001,0.2101,False,False
HV,t,0.99,V,1507,29,0.0192,0.010000000000000009,0.0014,0.0052,0.5864,False,False
HV,t,0.99,VZ,1507,41,0.0272,0.010000000000000009,0.0,0.0,0.1298,False,False
HV,t,0.99,WMT,1507,18,0.0119,0.010000000000000009,0.4617,0.6135,0.5093,True,True
HV,t,0.99,XOM,1507,20,0.0133,0.010000000000000009,0.2242,0.2572,0.2658,True,True
EWMA,normal,0.95,AAPL,1507,43,0.0285,0.050000000000000044,0.0,0.0001,0.5088,False,False
EWMA,normal,0.95,ADBE,1507,69,0.0458,0.050000000000000044,0.4467,0.5735,0.4653,True,True
EWMA,normal,0.95,AMD,1507,60,0.0398,0.050000000000000044,0.0603,0.1584,0.692,True,True
EWMA,normal,0.95,AMGN,1507,68,0.0451,0.050000000000000044,0.3774,0.6767,0.9663,True,True
EWMA,normal,0.95,AMZN,1507,48,0.0319,0.050000000000000044,0.0006,0.0024,0.707,False,False
EWMA,normal,0.95,AXP,1507,57,0.0378,0.050000000000000044,0.0237,0.017,0.0819,False,False
EWMA,normal,0.95,BA,1507,60,0.0398,0.050000000000000044,0.0603,0.02,0.0382,True,False
EWMA,normal,0.95,CAT,1507,49,0.0325,0.050000000000000044,0.0009,0.0039,0.7488,False,False
EWMA,normal,0.95,CRM,1507,61,0.0405,0.050000000000000044,0.0798,0.0287,0.0447,True,False
EWMA,normal,0.95,CSCO,1507,62,0.0411,0.050000000000000044,0.104,0.1814,0.3798,True,True
EWMA,normal,0.95,CVX,1507,65,0.0431,0.050000000000000044,0.2107,0.4537,0.9044,True,True
EWMA,normal,0.95,DIS,1507,67,0.0445,0.050000000000000044,0.3149,0.0224,0.0103,True,False
EWMA,normal,0.95,GE,1507,56,0.0372,0.050000000000000044,0.0168,0.0113,0.0713,False,False
EWMA,normal,0.95,GOOGL,1507,59,0.0392,0.050000000000000044,0.0449,0.1307,0.8275,False,True
EWMA,normal,0.95,GS,1507,50,0.0332,0.050000000000000044,0.0015,0.0017,0.1075,False,False
EWMA,normal,0.95,HD,1507,71,0.0471,0.050000000000000044,0.6038,0.8563,0.8396,True,True
EWMA,normal,0.95,HON,1507,59,0.0392,0.050000000000000044,0.0449,0.0364,0.1067,False,False
EWMA,normal,0.95,IBM,1507,38,0.0252,0.050000000000000044,0.0,0.0,0.1607,False,False
EWMA,normal,0.95,JNJ,1507,82,0.0544,0.050000000000000044,0.4381,0.5483,0.4384,True,True
EWMA,normal,0.95,JPM,1507,54,0.0358,0.050000000000000044,0.008,0.0001,0.0004,False,False
EWMA,normal,0.95,KO,1507,70,0.0464,0.050000000000000044,0.5224,0.6011,0.4353,True,True
EWMA,normal,0.95,MCD,1507,63,0.0418,0.050000000000000044,0.1335,0.316,0.8183,True,True
EWMA,normal,0.95,MMM,1507,53,0.0352,0.050000000000000044,0.0054,0.0151,0.4261,False,False
EWMA,normal,0.95,MRK,1507,71,0.0471,0.050000000000000044,0.6038,0.2576,0.118,True,True
EWMA,normal,0.95,MSFT,1507,59,0.0392,0.050000000000000044,0.0449,0.0767,0.2912,False,True
EWMA,normal,0.95,NFLX,1507,54,0.0358,0.050000000000000044,0.008,0.0118,0.1743,False,False
EWMA,normal,0.95,NKE,1507,63,0.0418,0.050000000000000044,0.1335,0.316,0.8183,True,True
EWMA,normal,0.95,NVDA,1507,41,0.0272,0.050000000000000044,0.0,0.0001,0.9084,False,False
EWMA,normal,0.95,ORCL,1507,58,0.0385,0.050000000000000044,0.0329,0.0551,0.2647,False,True
EWMA,normal,0.95,PG,1507,65,0.0431,0.050000000000000044,0.2107,0.3976,0.5977,True,True
EWMA,normal,0.95,PM,1507,63,0.0418,0.050000000000000044,0.1335,0.1593,0.233,True,True
EWMA,normal,0.95,SHW,1507,65,0.0431,0.050000000000000044,0.2107,0.3566,0.4813,True,True
EWMA,normal,0.95,TRV,1507,62,0.0411,0.050000000000000044,0.104,0.0963,0.1535,True,True
EWMA,normal,0.95,TSLA,1507,47,0.0312,0.050000000000000044,0.0003,0.0015,0.6739,False,False
EWMA,normal,0.95,UNH,1507,66,0.0438,0.050000000000000044,0.2593,0.2623,0.2361,True,True
EWMA,normal,0.95,V,1507,54,0.0358,0.050000000000000044,0.008,0.0221,0.4443,False,False
EWMA,normal,0.95,VZ,1507,76,0.0504,0.050000000000000044,0.9388,0.3029,0.1227,True,True
EWMA,normal,0.95,WMT,1507,49,0.0325,0.050000000000000044,0.0009,0.0024,0.3016,False,False
EWMA,normal,0.95,XOM,1507,57,0.0378,0.050000000000000044,0.0237,0.066,0.5718,False,True
EWMA,normal,0.99,AAPL,1507,11,0.0073,0.010000000000000009,0.2683,0.4998,0.6874,True,True
EWMA,normal,0.99,ADBE,1507,27,0.0179,0.010000000000000009,0.0054,0.0128,0.3208,False,False
EWMA,normal,0.99,AMD,1507,21,0.0139,0.010000000000000009,0.1473,0.0358,0.0327,True,False
EWMA,normal,0.99,AMGN,1507,25,0.0166,0.010000000000000009,0.0189,0.0416,0.3582,False,False
EWMA,normal,0.99,AMZN,1507,14,0.0093,0.010000000000000009,0.7792,0.8431,0.6082,True,True
EWMA,normal,0.99,AXP,1507,21,0.0139,0.010000000000000009,0.1473,0.2028,0.2962,True,True
EWMA,normal,0.99,BA,1507,24,0.0159,0.010000000000000009,0.0333,0.0171,0.0574,False,False
EWMA,normal,0.99,CAT,1507,17,0.0113,0.010000000000000009,0.6244,0.7305,0.5333,True,True
EWMA,normal,0.99,CRM,1507,21,0.0139,0.010000000000000009,0.1473,0.2028,0.2962,True,True
EWMA,normal,0.99,CSCO,1507,23,0.0153,0.010000000000000009,0.0567,0.1074,0.3615,True,True
EWMA,normal,0.99,CVX,1507,21,0.0139,0.010000000000000009,0.1473,0.2028,0.2962,True,True
EWMA,normal,0.99,DIS,1507,27,0.0179,0.010000000000000009,0.0054,0.0051,0.093,False,False
EWMA,normal,0.99,GE,1507,21,0.0139,0.010000000000000009,0.1473,0.2028,0.2962,True,True
EWMA,normal,0.99,GOOGL,1507,23,0.0153,0.010000000000000009,0.0567,0.1074,0.3615,True,True
EWMA,normal,0.99,GS,1507,17,0.0113,0.010000000000000009,0.6244,0.7305,0.5333,True,True
EWMA,normal,0.99,HD,1507,25,0.0166,0.010000000000000009,0.0189,0.0466,0.4321,False,False
EWMA,normal,0.99,HON,1507,25,0.0166,0.010000000000000009,0.0189,0.0466,0.4321,False,False
EWMA,normal,0.99,IBM,1507,18,0.0119,0.010000000000000009,0.4617,0.6135,0.5093,True,True
EWMA,normal,0.99,JNJ,1507,30,0.0199,0.010000000000000009,0.0007,0.0027,0.6271,False,False
EWMA,normal,0.99,JPM,1507,21,0.0139,0.010000000000000009,0.1473,0.2028,0.2962,True,True
EWMA,normal,0.99,KO,1507,29,0.0192,0.010000000000000009,0.0014,0.0034,0.2859,False,False
EWMA,normal,0.99,MCD,1507,23,0.0153,0.010000000000000009,0.0567,0.1074,0.3615,True,True
EWMA,normal,0.99,MMM,1507,25,0.0166,0.010000000000000009,0.0189,0.0466,0.4321,False,False
EWMA,normal,0.99,MRK,1507,29,0.0192,0.010000000000000009,0.0014,0.0034,0.2859,False,False
EWMA,normal,0.99,MSFT,1507,22,0.0146,0.010000000000000009,0.0932,0.1763,0.4193,True,True
EWMA,normal,0.99,NFLX,1507,20,0.0133,0.010000000000000009,0.2242,0.0408,0.0265,True,False
EWMA,normal,0.99,NKE,1507,18,0.0119,0.010000000000000009,0.4617,0.6135,0.5093,True,True
EWMA,normal,0.99,NVDA,1507,9,0.006,0.010000000000000009,0.0894,0.2238,0.7422,True,True
EWMA,normal,0.99,ORCL,1507,29,0.0192,0.010000000000000009,0.0014,0.0052,0.5864,False,False
EWMA,normal,0.99,PG,1507,27,0.0179,0.010000000000000009,0.0054,0.0169,0.5073,False,False
EWMA,normal,0.99,PM,1507,28,0.0186,0.010000000000000009,0.0028,0.0067,0.303,False,False
EWMA,normal,0.99,SHW,1507,28,0.0186,0.010000000000000009,0.0028,0.0067,0.303,False,False
EWMA,normal,0.99,TRV,1507,23,0.0153,0.010000000000000009,0.0567,0.114,0.3983,True,True
EWMA,normal,0.99,TSLA,1507,17,0.0113,0.010000000000000009,0.6244,0.7305,0.5333,True,True
EWMA,normal,0.99,UNH,1507,30,0.0199,0.010000000000000009,0.0007,0.0016,0.2694,False,False
EWMA,normal,0.99,V,1507,27,0.0179,0.010000000000000009,0.0054,0.0169,0.5073,False,False
EWMA,normal,0.99,VZ,1507,35,0.0232,0.010000000000000009,0.0,0.0,0.1968,False,False
EWMA,normal,0.99,WMT,1507,16,0.0106,0.010000000000000009,0.8116,0.8185,0.5577,True,True
EWMA,normal,0.99,XOM,1507,19,0.0126,0.010000000000000009,0.3281,0.308,0.2369,True,True
EWMA,t,0.95,AAPL,1507,43,0.0285,0.050000000000000044,0.0,0.0001,0.5088,False,False
EWMA,t,0.95,ADBE,1507,69,0.0458,0.050000000000000044,0.4467,0.5735,0.4653,True,True
EWMA,t,0.95,AMD,1507,61,0.0405,0.050000000000000044,0.0798,0.2035,0.7336,True,True
EWMA,t,0.95,AMGN,1507,69,0.0458,0.050000000000000044,0.4467,0.7452,0.9236,True,True
EWMA,t,0.95,AMZN,1507,47,0.0312,0.050000000000000044,0.0003,0.0015,0.6739,False,False
EWMA,t,0.95,AXP,1507,57,0.0378,0.050000000000000044,0.0237,0.017,0.0819,False,False
EWMA,t,0.95,BA,1507,60,0.0398,0.050000000000000044,0.0603,0.02,0.0382,True,False
EWMA,t,0.95,CAT,1507,52,0.0345,0.050000000000000044,0.0035,0.0141,0.8765,False,False
EWMA,t,0.95,CRM,1507,58,0.0385,0.050000000000000044,0.0329,0.0091,0.0276,False,False
EWMA,t,0.95,CSCO,1507,62,0.0411,0.050000000000000044,0.104,0.1814,0.3798,True,True
EWMA,t,0.95,CVX,1507,63,0.0418,0.050000000000000044,0.1335,0.316,0.8183,True,True
EWMA,t,0.95,DIS,1507,67,0.0445,0.050000000000000044,0.3149,0.0224,0.0103,True,False
EWMA,t,0.95,GE,1507,57,0.0378,0.050000000000000044,0.0237,0.017,0.0819,False,False
EWMA,t,0.95,GOOGL,1507,59,0.0392,0.050000000000000044,0.0449,0.1307,0.8275,False,True
EWMA,t,0.95,GS,1507,50,0.0332,0.050000000000000044,0.0015,0.0017,0.1075,False,False
EWMA,t,0.95,HD,1507,69,0.0458,0.050000000000000044,0.4467,0.7452,0.9236,True,True
EWMA,t,0.95,HON,1507,59,0.0392,0.050000000000000044,0.0449,0.0364,0.1067,False,False
EWMA,t,0.95,IBM,1507,39,0.0259,0.050000000000000044,0.0,0.0,0.1498,False,False
EWMA,t,0.95,JNJ,1507,78,0.0518,0.050000000000000044,0.7554,0.8102,0.5692,True,True
EWMA,t,0.95,JPM,1507,57,0.0378,0.050000000000000044,0.0237,0.0003,0.001,False,False
EWMA,t,0.95,KO,1507,71,0.0471,0.050000000000000044,0.6038,0.6192,0.4064,True,True
EWMA,t,0.95,MCD,1507,63,0.0418,0.050000000000000044,0.1335,0.316,0.8183,True,True
EWMA,t,0.95,MMM,1507,53,0.0352,0.050000000000000044,0.0054,0.0151,0.4261,False,False
EWMA,t,0.95,MRK,1507,70,0.0464,0.050000000000000044,0.5224,0.0268,0.009,True,False
EWMA,t,0.95,MSFT,1507,59,0.0392,0.050000000000000044,0.0449,0.0767,0.2912,False,True
EWMA,t,0.95,NFLX,1507,54,0.0358,0.050000000000000044,0.008,0.0118,0.1743,False,False
EWMA,t,0.95,NKE,1507,67,0.0445,0.050000000000000044,0.3149,0.3205,0.2605,True,True
EWMA,t,0.95,NVDA,1507,43,0.0285,0.050000000000000044,0.0,0.0002,0.8272,False,False
EWMA,t,0.95,ORCL,1507,58,0.0385,0.050000000000000044,0.0329,0.0551,0.2647,False,True
EWMA,t,0.95,PG,1507,65,0.0431,0.050000000000000044,0.2107,0.3976,0.5977,True,True
EWMA,t,0.95,PM,1507,64,0.0425,0.050000000000000044,0.1689,0.1801,0.2152,True,True
EWMA,t,0.95,SHW,1507,65,0.0431,0.050000000000000044,0.2107,0.3566,0.4813,True,True
EWMA,t,0.95,TRV,1507,63,0.0418,0.050000000000000044,0.1335,0.1276,0.1719,True,True
EWMA,t,0.95,TSLA,1507,47,0.0312,0.050000000000000044,0.0003,0.0015,0.6739,False,False
EWMA,t,0.95,UNH,1507,66,0.0438,0.050000000000000044,0.2593,0.2623,0.2361,True,True
EWMA,t,0.95,V,1507,53,0.0352,0.050000000000000044,0.0054,0.016,0.4737,False,False
EWMA,t,0.95,VZ,1507,76,0.0504,0.050000000000000044,0.9388,0.3029,0.1227,True,True
EWMA,t,0.95,WMT,1507,52,0.0345,0.050000000000000044,0.0035,0.0099,0.3928,False,False
EWMA,t,0.95,XOM,1507,57,0.0378,0.050000000000000044,0.0237,0.066,0.5718,False,True
EWMA,t,0.99,AAPL,1507,10,0.0066,0.010000000000000009,0.1621,0.352,0.7146,True,True
EWMA,t,0.99,ADBE,1507,22,0.0146,0.010000000000000009,0.0932,0.1763,0.4193,True,True
EWMA,t,0.99,AMD,1507,14,0.0093,0.010000000000000009,0.7792,0.8431,0.6082,True,True
EWMA,t,0.99,AMGN,1507,20,0.0133,0.010000000000000009,0.2242,0.365,0.4631,True,True
EWMA,t,0.99,AMZN,1507,13,0.0086,0.010000000000000009,0.5831,0.7681,0.6342,True,True
EWMA,t,0.99,AXP,1507,20,0.0133,0.010000000000000009,0.2242,0.2572,0.2658,True,True
EWMA,t,0.99,BA,1507,24,0.0159,0.010000000000000009,0.0333,0.0171,0.0574,False,False
EWMA,t,0.99,CAT,1507,15,0.01,0.010000000000000009,0.9855,0.8598,0.5827,True,True
EWMA,t,0.99,CRM,1507,21,0.0139,0.010000000000000009,0.1473,0.2028,0.2962,True,True
EWMA,t,0.99,CSCO,1507,22,0.0146,0.010000000000000009,0.0932,0.1514,0.3281,True,True
EWMA,t,0.99,CVX,1507,19,0.0126,0.010000000000000009,0.3281,0.308,0.2369,True,True
EWMA,t,0.99,DIS,1507,24,0.0159,0.010000000000000009,0.0333,0.0171,0.0574,False,False
EWMA,t,0.99,GE,1507,20,0.0133,0.010000000000000009,0.2242,0.2572,0.2658,True,True
EWMA,t,0.99,GOOGL,1507,22,0.0146,0.010000000000000009,0.0932,0.1514,0.3281,True,True
EWMA,t,0.99,GS,1507,17,0.0113,0.010000000000000009,0.6244,0.7305,0.5333,True,True
EWMA,t,0.99,HD,1507,25,0.0166,0.010000000000000009,0.0189,0.0466,0.4321,False,False
EWMA,t,0.99,HON,1507,24,0.0159,0.010000000000000009,0.0333,0.0724,0.3961,False,True
EWMA,t,0.99,IBM,1507,17,0.0113,0.010000000000000009,0.6244,0.7305,0.5333,True,True
EWMA,t,0.99,JNJ,1507,28,0.0186,0.010000000000000009,0.0028,0.0095,0.5464,False,False
EWMA,t,0.99,JPM,1507,16,0.0106,0.010000000000000009,0.8116,0.3624,0.1601,True,True
EWMA,t,0.99,KO,1507,25,0.0166,0.010000000000000009,0.0189,0.0416,0.3582,False,False
EWMA,t,0.99,MCD,1507,23,0.0153,0.010000000000000009,0.0567,0.1074,0.3615,True,True
EWMA,t,0.99,MMM,1507,22,0.0146,0.010000000000000009,0.0932,0.1514,0.3281,True,True
EWMA,t,0.99,MRK,1507,26,0.0173,0.010000000000000009,0.0103,0.0236,0.3392,False,False
EWMA,t,0.99,MSFT,1507,17,0.0113,0.010000000000000009,0.6244,0.7305,0.5333,True,True
EWMA,t,0.99,NFLX,1507,17,0.0113,0.010000000000000009,0.6244,0.0407,0.013,True,False
EWMA,t,0.99,NKE,1507,16,0.0106,0.010000000000000009,0.8116,0.8185,0.5577,True,True
EWMA,t,0.99,NVDA,1507,6,0.004,0.010000000000000009,0.0075,0.0274,0.8266,False,False
EWMA,t,0.99,ORCL,1507,29,0.0192,0.010000000000000009,0.0014,0.0052,0.5864,False,False
EWMA,t,0.99,PG,1507,27,0.0179,0.010000000000000009,0.0054,0.0169,0.5073,False,False
EWMA,t,0.99,PM,1507,25,0.0166,0.010000000000000009,0.0189,0.0416,0.3582,False,False
EWMA,t,0.99,SHW,1507,26,0.0173,0.010000000000000009,0.0103,0.0236,0.3392,False,False
EWMA,t,0.99,TRV,1507,20,0.0133,0.010000000000000009,0.2242,0.365,0.4631,True,True
EWMA,t,0.99,TSLA,1507,17,0.0113,0.010000000000000009,0.6244,0.7305,0.5333,True,True
EWMA,t,0.99,UNH,1507,30,0.0199,0.010000000000000009,0.0007,0.0016,0.2694,False,False
EWMA,t,0.99,V,1507,24,0.0159,0.010000000000000009,0.0333,0.0724,0.3961,False,True
EWMA,t,0.99,VZ,1507,35,0.0232,0.010000000000000009,0.0,0.0,0.1968,False,False
EWMA,t,0.99,WMT,1507,12,0.008,0.010000000000000009,0.4099,0.6466,0.6606,True,True
EWMA,t,0.99,XOM,1507,18,0.0119,0.010000000000000009,0.4617,0.3472,0.2096,True,True
