model,dist,level,mean_viol_rate,expected_rate,pass_kupiec,pass_cc,n_stocks
HAR,normal,0.95,0.0547,0.050000000000000044,34,30,39
HAR,normal,0.99,0.0215,0.010000000000000009,5,5,39
HAR,t,0.95,0.0546,0.050000000000000044,33,30,39
HAR,t,0.99,0.0195,0.010000000000000009,6,6,39
GARCH,normal,0.95,0.0372,0.050000000000000044,16,20,39
GARCH,normal,0.99,0.0141,0.010000000000000009,23,25,39
GARCH,t,0.95,0.0373,0.050000000000000044,16,19,39
GARCH,t,0.99,0.0129,0.010000000000000009,26,27,39
EGARCH,normal,0.95,0.0365,0.050000000000000044,17,17,39
EGARCH,normal,0.99,0.0143,0.010000000000000009,23,22,39
EGARCH,t,0.95,0.0366,0.050000000000000044,15,17,39
EGARCH,t,0.99,0.0131,0.010000000000000009,27,28,39
LASSO,normal,0.95,0.0554,0.050000000000000044,29,32,39
LASSO,normal,0.99,0.022,0.010000000000000009,5,4,39
LASSO,t,0.95,0.0555,0.050000000000000044,27,32,39
LASSO,t,0.99,0.0198,0.010000000000000009,7,6,39
RF,normal,0.95,0.0565,0.050000000000000044,31,31,39
RF,normal,0.99,0.0227,0.010000000000000009,4,5,39
RF,t,0.95,0.0567,0.050000000000000044,30,31,39
RF,t,0.99,0.0207,0.010000000000000009,6,6,39
HV,normal,0.95,0.045,0.050000000000000044,30,27,39
HV,normal,0.99,0.0179,0.010000000000000009,13,12,39
HV,t,0.95,0.0453,0.050000000000000044,30,27,39
HV,t,0.99,0.0162,0.010000000000000009,14,14,39
EWMA,normal,0.95,0.0394,0.050000000000000044,20,21,39
EWMA,normal,0.99,0.0151,0.010000000000000009,22,20,39
EWMA,t,0.95,0.0395,0.050000000000000044,19,20,39
EWMA,t,0.99,0.0137,0.010000000000000009,24,25,39
